Copyright 1986-2022 Xilinx, Inc. All Rights Reserved. Copyright 2022-2025 Advanced Micro Devices, Inc. All Rights Reserved.
------------------------------------------------------------------------------------------------------------------------------------------------------------------------------------------------------------------------------------------------
| Tool Version : Vivado v.2025.1 (win64) Build 6140274 Thu May 22 00:12:29 MDT 2025
| Date         : Sat Jul 25 20:45:04 2026
| Host         : LAPTOP-6STAFKCC running 64-bit major release  (build 9200)
| Command      : report_timing_summary -max_paths 10 -routable_nets -report_unconstrained -file mic_recorder_timing_summary_routed.rpt -pb mic_recorder_timing_summary_routed.pb -rpx mic_recorder_timing_summary_routed.rpx -warn_on_violation
| Design       : mic_recorder
| Device       : 7a100t-csg324
| Speed File   : -1  PRODUCTION 1.23 2018-06-13
| Design State : Routed
------------------------------------------------------------------------------------------------------------------------------------------------------------------------------------------------------------------------------------------------

Timing Summary Report

------------------------------------------------------------------------------------------------
| Timer Settings
| --------------
------------------------------------------------------------------------------------------------

  Enable Multi Corner Analysis               :  Yes
  Enable Pessimism Removal                   :  Yes
  Pessimism Removal Resolution               :  Nearest Common Node
  Enable Input Delay Default Clock           :  No
  Enable Preset / Clear Arcs                 :  No
  Disable Flight Delays                      :  No
  Ignore I/O Paths                           :  No
  Timing Early Launch at Borrowing Latches   :  No
  Borrow Time for Max Delay Exceptions       :  Yes
  Merge Timing Exceptions                    :  Yes
  Inter-SLR Compensation                     :  Conservative

  Corner  Analyze    Analyze    
  Name    Max Paths  Min Paths  
  ------  ---------  ---------  
  Slow    Yes        Yes        
  Fast    Yes        Yes        


------------------------------------------------------------------------------------------------
| Report Methodology
| ------------------
------------------------------------------------------------------------------------------------

Rule       Severity  Description                                 Violations  
---------  --------  ------------------------------------------  ----------  
SYNTH-6    Warning   Timing of a RAM block might be sub-optimal  32          
TIMING-18  Warning   Missing input or output delay               25          

Note: This report is based on the most recent report_methodology run and may not be up-to-date. Run report_methodology on the current design for the latest report.



check_timing report

Table of Contents
-----------------
1. checking no_clock (0)
2. checking constant_clock (0)
3. checking pulse_width_clock (0)
4. checking unconstrained_internal_endpoints (0)
5. checking no_input_delay (5)
6. checking no_output_delay (20)
7. checking multiple_clock (0)
8. checking generated_clocks (0)
9. checking loops (0)
10. checking partial_input_delay (0)
11. checking partial_output_delay (0)
12. checking latch_loops (0)

1. checking no_clock (0)
------------------------
 There are 0 register/latch pins with no clock.


2. checking constant_clock (0)
------------------------------
 There are 0 register/latch pins with constant_clock.


3. checking pulse_width_clock (0)
---------------------------------
 There are 0 register/latch pins which need pulse_width check


4. checking unconstrained_internal_endpoints (0)
------------------------------------------------
 There are 0 pins that are not constrained for maximum delay.

 There are 0 pins that are not constrained for maximum delay due to constant clock.


5. checking no_input_delay (5)
------------------------------
 There are 5 input ports with no input delay specified. (HIGH)

 There are 0 input ports with no input delay but user has a false path constraint.


6. checking no_output_delay (20)
--------------------------------
 There are 20 ports with no output delay specified. (HIGH)

 There are 0 ports with no output delay but user has a false path constraint

 There are 0 ports with no output delay but with a timing clock defined on it or propagating through it


7. checking multiple_clock (0)
------------------------------
 There are 0 register/latch pins with multiple clocks.


8. checking generated_clocks (0)
--------------------------------
 There are 0 generated clocks that are not connected to a clock source.


9. checking loops (0)
---------------------
 There are 0 combinational loops in the design.


10. checking partial_input_delay (0)
------------------------------------
 There are 0 input ports with partial input delay specified.


11. checking partial_output_delay (0)
-------------------------------------
 There are 0 ports with partial output delay specified.


12. checking latch_loops (0)
----------------------------
 There are 0 combinational latch loops in the design through latch input



------------------------------------------------------------------------------------------------
| Design Timing Summary
| ---------------------
------------------------------------------------------------------------------------------------

    WNS(ns)      TNS(ns)  TNS Failing Endpoints  TNS Total Endpoints      WHS(ns)      THS(ns)  THS Failing Endpoints  THS Total Endpoints     WPWS(ns)     TPWS(ns)  TPWS Failing Endpoints  TPWS Total Endpoints  
    -------      -------  ---------------------  -------------------      -------      -------  ---------------------  -------------------     --------     --------  ----------------------  --------------------  
      1.946        0.000                      0                 1686        0.100        0.000                      0                 1686        4.500        0.000                       0                   291  


All user specified timing constraints are met.


------------------------------------------------------------------------------------------------
| Clock Summary
| -------------
------------------------------------------------------------------------------------------------

Clock        Waveform(ns)       Period(ns)      Frequency(MHz)
-----        ------------       ----------      --------------
sys_clk_pin  {0.000 5.000}      10.000          100.000         


------------------------------------------------------------------------------------------------
| Intra Clock Table
| -----------------
------------------------------------------------------------------------------------------------

Clock             WNS(ns)      TNS(ns)  TNS Failing Endpoints  TNS Total Endpoints      WHS(ns)      THS(ns)  THS Failing Endpoints  THS Total Endpoints     WPWS(ns)     TPWS(ns)  TPWS Failing Endpoints  TPWS Total Endpoints  
-----             -------      -------  ---------------------  -------------------      -------      -------  ---------------------  -------------------     --------     --------  ----------------------  --------------------  
sys_clk_pin         1.946        0.000                      0                 1686        0.100        0.000                      0                 1686        4.500        0.000                       0                   291  


------------------------------------------------------------------------------------------------
| Inter Clock Table
| -----------------
------------------------------------------------------------------------------------------------

From Clock    To Clock          WNS(ns)      TNS(ns)  TNS Failing Endpoints  TNS Total Endpoints      WHS(ns)      THS(ns)  THS Failing Endpoints  THS Total Endpoints  
----------    --------          -------      -------  ---------------------  -------------------      -------      -------  ---------------------  -------------------  


------------------------------------------------------------------------------------------------
| Other Path Groups Table
| -----------------------
------------------------------------------------------------------------------------------------

Path Group    From Clock    To Clock          WNS(ns)      TNS(ns)  TNS Failing Endpoints  TNS Total Endpoints      WHS(ns)      THS(ns)  THS Failing Endpoints  THS Total Endpoints  
----------    ----------    --------          -------      -------  ---------------------  -------------------      -------      -------  ---------------------  -------------------  


------------------------------------------------------------------------------------------------
| User Ignored Path Table
| -----------------------
------------------------------------------------------------------------------------------------

Path Group    From Clock    To Clock    
----------    ----------    --------    


------------------------------------------------------------------------------------------------
| Unconstrained Path Table
| ------------------------
------------------------------------------------------------------------------------------------

Path Group    From Clock    To Clock    
----------    ----------    --------    
(none)        sys_clk_pin                 
(none)                      sys_clk_pin   


------------------------------------------------------------------------------------------------
| Timing Details
| --------------
------------------------------------------------------------------------------------------------


---------------------------------------------------------------------------------------------------
From Clock:  sys_clk_pin
  To Clock:  sys_clk_pin

Setup :            0  Failing Endpoints,  Worst Slack        1.946ns,  Total Violation        0.000ns
Hold  :            0  Failing Endpoints,  Worst Slack        0.100ns,  Total Violation        0.000ns
PW    :            0  Failing Endpoints,  Worst Slack        4.500ns,  Total Violation        0.000ns
---------------------------------------------------------------------------------------------------


Max Delay Paths
--------------------------------------------------------------------------------------
Slack (MET) :             1.946ns  (required time - arrival time)
  Source:                 FSM_sequential_state_reg[1]/C
                            (rising edge-triggered cell FDRE clocked by sys_clk_pin  {rise@0.000ns fall@5.000ns period=10.000ns})
  Destination:            u_audio_buffer/mem_reg_1_4/ADDRARDADDR[5]
                            (rising edge-triggered cell RAMB36E1 clocked by sys_clk_pin  {rise@0.000ns fall@5.000ns period=10.000ns})
  Path Group:             sys_clk_pin
  Path Type:              Setup (Max at Slow Process Corner)
  Requirement:            10.000ns  (sys_clk_pin rise@10.000ns - sys_clk_pin rise@0.000ns)
  Data Path Delay:        7.157ns  (logic 0.608ns (8.495%)  route 6.549ns (91.505%))
  Logic Levels:           1  (LUT5=1)
  Clock Path Skew:        -0.093ns (DCD - SCD + CPR)
    Destination Clock Delay (DCD):    4.960ns = ( 14.960 - 10.000 ) 
    Source Clock Delay      (SCD):    5.234ns
    Clock Pessimism Removal (CPR):    0.180ns
  Clock Uncertainty:      0.035ns  ((TSJ^2 + TIJ^2)^1/2 + DJ) / 2 + PE
    Total System Jitter     (TSJ):    0.071ns
    Total Input Jitter      (TIJ):    0.000ns
    Discrete Jitter          (DJ):    0.000ns
    Phase Error              (PE):    0.000ns

    Location             Delay type                Incr(ns)  Path(ns)    Netlist Resource(s)
  -------------------------------------------------------------------    -------------------
                         (clock sys_clk_pin rise edge)
                                                      0.000     0.000 r  
    E3                                                0.000     0.000 r  CLK100MHZ (IN)
                         net (fo=0)                   0.000     0.000    CLK100MHZ
    E3                   IBUF (Prop_ibuf_I_O)         1.482     1.482 r  CLK100MHZ_IBUF_inst/O
                         net (fo=1, routed)           2.025     3.506    CLK100MHZ_IBUF
    BUFGCTRL_X0Y16       BUFG (Prop_bufg_I_O)         0.096     3.602 r  CLK100MHZ_IBUF_BUFG_inst/O
                         net (fo=290, routed)         1.631     5.234    CLK100MHZ_IBUF_BUFG
    SLICE_X69Y90         FDRE                                         r  FSM_sequential_state_reg[1]/C
  -------------------------------------------------------------------    -------------------
    SLICE_X69Y90         FDRE (Prop_fdre_C_Q)         0.456     5.690 r  FSM_sequential_state_reg[1]/Q
                         net (fo=137, routed)         1.793     7.483    u_audio_buffer/state[1]
    SLICE_X69Y84         LUT5 (Prop_lut5_I1_O)        0.152     7.635 r  u_audio_buffer/mem_reg_0_3_i_11/O
                         net (fo=24, routed)          4.756    12.391    u_audio_buffer/mem_reg_0_3_i_11_n_0
    RAMB36_X1Y29         RAMB36E1                                     r  u_audio_buffer/mem_reg_1_4/ADDRARDADDR[5]
  -------------------------------------------------------------------    -------------------

                         (clock sys_clk_pin rise edge)
                                                     10.000    10.000 r  
    E3                                                0.000    10.000 r  CLK100MHZ (IN)
                         net (fo=0)                   0.000    10.000    CLK100MHZ
    E3                   IBUF (Prop_ibuf_I_O)         1.411    11.411 r  CLK100MHZ_IBUF_inst/O
                         net (fo=1, routed)           1.920    13.331    CLK100MHZ_IBUF
    BUFGCTRL_X0Y16       BUFG (Prop_bufg_I_O)         0.091    13.422 r  CLK100MHZ_IBUF_BUFG_inst/O
                         net (fo=290, routed)         1.538    14.960    u_audio_buffer/CLK100MHZ_IBUF_BUFG
    RAMB36_X1Y29         RAMB36E1                                     r  u_audio_buffer/mem_reg_1_4/CLKARDCLK
                         clock pessimism              0.180    15.140    
                         clock uncertainty           -0.035    15.105    
    RAMB36_X1Y29         RAMB36E1 (Setup_ramb36e1_CLKARDCLK_ADDRARDADDR[5])
                                                     -0.768    14.337    u_audio_buffer/mem_reg_1_4
  -------------------------------------------------------------------
                         required time                         14.337    
                         arrival time                         -12.391    
  -------------------------------------------------------------------
                         slack                                  1.946    

Slack (MET) :             2.106ns  (required time - arrival time)
  Source:                 record_count_reg[10]/C
                            (rising edge-triggered cell FDRE clocked by sys_clk_pin  {rise@0.000ns fall@5.000ns period=10.000ns})
  Destination:            u_audio_buffer/mem_reg_1_4/WEA[0]
                            (rising edge-triggered cell RAMB36E1 clocked by sys_clk_pin  {rise@0.000ns fall@5.000ns period=10.000ns})
  Path Group:             sys_clk_pin
  Path Type:              Setup (Max at Slow Process Corner)
  Requirement:            10.000ns  (sys_clk_pin rise@10.000ns - sys_clk_pin rise@0.000ns)
  Data Path Delay:        7.152ns  (logic 1.182ns (16.527%)  route 5.970ns (83.473%))
  Logic Levels:           4  (LUT4=1 LUT5=2 LUT6=1)
  Clock Path Skew:        -0.174ns (DCD - SCD + CPR)
    Destination Clock Delay (DCD):    4.960ns = ( 14.960 - 10.000 ) 
    Source Clock Delay      (SCD):    5.315ns
    Clock Pessimism Removal (CPR):    0.180ns
  Clock Uncertainty:      0.035ns  ((TSJ^2 + TIJ^2)^1/2 + DJ) / 2 + PE
    Total System Jitter     (TSJ):    0.071ns
    Total Input Jitter      (TIJ):    0.000ns
    Discrete Jitter          (DJ):    0.000ns
    Phase Error              (PE):    0.000ns

    Location             Delay type                Incr(ns)  Path(ns)    Netlist Resource(s)
  -------------------------------------------------------------------    -------------------
                         (clock sys_clk_pin rise edge)
                                                      0.000     0.000 r  
    E3                                                0.000     0.000 r  CLK100MHZ (IN)
                         net (fo=0)                   0.000     0.000    CLK100MHZ
    E3                   IBUF (Prop_ibuf_I_O)         1.482     1.482 r  CLK100MHZ_IBUF_inst/O
                         net (fo=1, routed)           2.025     3.506    CLK100MHZ_IBUF
    BUFGCTRL_X0Y16       BUFG (Prop_bufg_I_O)         0.096     3.602 r  CLK100MHZ_IBUF_BUFG_inst/O
                         net (fo=290, routed)         1.712     5.315    CLK100MHZ_IBUF_BUFG
    SLICE_X72Y88         FDRE                                         r  record_count_reg[10]/C
  -------------------------------------------------------------------    -------------------
    SLICE_X72Y88         FDRE (Prop_fdre_C_Q)         0.456     5.771 r  record_count_reg[10]/Q
                         net (fo=9, routed)           1.063     6.833    u_audio_buffer/out[10]
    SLICE_X71Y88         LUT4 (Prop_lut4_I3_O)        0.152     6.985 f  u_audio_buffer/mem_reg_0_0_i_25/O
                         net (fo=1, routed)           0.642     7.627    u_audio_buffer/mem_reg_0_0_i_25_n_0
    SLICE_X73Y87         LUT5 (Prop_lut5_I1_O)        0.326     7.953 f  u_audio_buffer/mem_reg_0_0_i_20/O
                         net (fo=2, routed)           0.645     8.598    u_audio_buffer/record_count_reg[2]
    SLICE_X73Y88         LUT6 (Prop_lut6_I0_O)        0.124     8.722 f  u_audio_buffer/mem_reg_0_0_i_19/O
                         net (fo=30, routed)          1.848    10.571    u_pdm_decoder/record_count_reg[18]
    SLICE_X62Y116        LUT5 (Prop_lut5_I3_O)        0.124    10.695 r  u_pdm_decoder/mem_reg_1_3_i_1/O
                         net (fo=2, routed)           1.772    12.467    u_audio_buffer/mem_reg_1_3_0[1]
    RAMB36_X1Y29         RAMB36E1                                     r  u_audio_buffer/mem_reg_1_4/WEA[0]
  -------------------------------------------------------------------    -------------------

                         (clock sys_clk_pin rise edge)
                                                     10.000    10.000 r  
    E3                                                0.000    10.000 r  CLK100MHZ (IN)
                         net (fo=0)                   0.000    10.000    CLK100MHZ
    E3                   IBUF (Prop_ibuf_I_O)         1.411    11.411 r  CLK100MHZ_IBUF_inst/O
                         net (fo=1, routed)           1.920    13.331    CLK100MHZ_IBUF
    BUFGCTRL_X0Y16       BUFG (Prop_bufg_I_O)         0.091    13.422 r  CLK100MHZ_IBUF_BUFG_inst/O
                         net (fo=290, routed)         1.538    14.960    u_audio_buffer/CLK100MHZ_IBUF_BUFG
    RAMB36_X1Y29         RAMB36E1                                     r  u_audio_buffer/mem_reg_1_4/CLKARDCLK
                         clock pessimism              0.180    15.140    
                         clock uncertainty           -0.035    15.105    
    RAMB36_X1Y29         RAMB36E1 (Setup_ramb36e1_CLKARDCLK_WEA[0])
                                                     -0.532    14.573    u_audio_buffer/mem_reg_1_4
  -------------------------------------------------------------------
                         required time                         14.573    
                         arrival time                         -12.467    
  -------------------------------------------------------------------
                         slack                                  2.106    

Slack (MET) :             2.111ns  (required time - arrival time)
  Source:                 FSM_sequential_state_reg[1]/C
                            (rising edge-triggered cell FDRE clocked by sys_clk_pin  {rise@0.000ns fall@5.000ns period=10.000ns})
  Destination:            u_audio_buffer/mem_reg_1_4/ADDRARDADDR[1]
                            (rising edge-triggered cell RAMB36E1 clocked by sys_clk_pin  {rise@0.000ns fall@5.000ns period=10.000ns})
  Path Group:             sys_clk_pin
  Path Type:              Setup (Max at Slow Process Corner)
  Requirement:            10.000ns  (sys_clk_pin rise@10.000ns - sys_clk_pin rise@0.000ns)
  Data Path Delay:        7.194ns  (logic 0.580ns (8.062%)  route 6.614ns (91.938%))
  Logic Levels:           1  (LUT5=1)
  Clock Path Skew:        -0.093ns (DCD - SCD + CPR)
    Destination Clock Delay (DCD):    4.960ns = ( 14.960 - 10.000 ) 
    Source Clock Delay      (SCD):    5.234ns
    Clock Pessimism Removal (CPR):    0.180ns
  Clock Uncertainty:      0.035ns  ((TSJ^2 + TIJ^2)^1/2 + DJ) / 2 + PE
    Total System Jitter     (TSJ):    0.071ns
    Total Input Jitter      (TIJ):    0.000ns
    Discrete Jitter          (DJ):    0.000ns
    Phase Error              (PE):    0.000ns

    Location             Delay type                Incr(ns)  Path(ns)    Netlist Resource(s)
  -------------------------------------------------------------------    -------------------
                         (clock sys_clk_pin rise edge)
                                                      0.000     0.000 r  
    E3                                                0.000     0.000 r  CLK100MHZ (IN)
                         net (fo=0)                   0.000     0.000    CLK100MHZ
    E3                   IBUF (Prop_ibuf_I_O)         1.482     1.482 r  CLK100MHZ_IBUF_inst/O
                         net (fo=1, routed)           2.025     3.506    CLK100MHZ_IBUF
    BUFGCTRL_X0Y16       BUFG (Prop_bufg_I_O)         0.096     3.602 r  CLK100MHZ_IBUF_BUFG_inst/O
                         net (fo=290, routed)         1.631     5.234    CLK100MHZ_IBUF_BUFG
    SLICE_X69Y90         FDRE                                         r  FSM_sequential_state_reg[1]/C
  -------------------------------------------------------------------    -------------------
    SLICE_X69Y90         FDRE (Prop_fdre_C_Q)         0.456     5.690 r  FSM_sequential_state_reg[1]/Q
                         net (fo=137, routed)         1.593     7.283    u_audio_buffer/state[1]
    SLICE_X68Y83         LUT5 (Prop_lut5_I1_O)        0.124     7.407 r  u_audio_buffer/mem_reg_0_3_i_15/O
                         net (fo=24, routed)          5.021    12.428    u_audio_buffer/mem_reg_0_3_i_15_n_0
    RAMB36_X1Y29         RAMB36E1                                     r  u_audio_buffer/mem_reg_1_4/ADDRARDADDR[1]
  -------------------------------------------------------------------    -------------------

                         (clock sys_clk_pin rise edge)
                                                     10.000    10.000 r  
    E3                                                0.000    10.000 r  CLK100MHZ (IN)
                         net (fo=0)                   0.000    10.000    CLK100MHZ
    E3                   IBUF (Prop_ibuf_I_O)         1.411    11.411 r  CLK100MHZ_IBUF_inst/O
                         net (fo=1, routed)           1.920    13.331    CLK100MHZ_IBUF
    BUFGCTRL_X0Y16       BUFG (Prop_bufg_I_O)         0.091    13.422 r  CLK100MHZ_IBUF_BUFG_inst/O
                         net (fo=290, routed)         1.538    14.960    u_audio_buffer/CLK100MHZ_IBUF_BUFG
    RAMB36_X1Y29         RAMB36E1                                     r  u_audio_buffer/mem_reg_1_4/CLKARDCLK
                         clock pessimism              0.180    15.140    
                         clock uncertainty           -0.035    15.105    
    RAMB36_X1Y29         RAMB36E1 (Setup_ramb36e1_CLKARDCLK_ADDRARDADDR[1])
                                                     -0.566    14.539    u_audio_buffer/mem_reg_1_4
  -------------------------------------------------------------------
                         required time                         14.539    
                         arrival time                         -12.428    
  -------------------------------------------------------------------
                         slack                                  2.111    

Slack (MET) :             2.118ns  (required time - arrival time)
  Source:                 record_count_reg[10]/C
                            (rising edge-triggered cell FDRE clocked by sys_clk_pin  {rise@0.000ns fall@5.000ns period=10.000ns})
  Destination:            u_audio_buffer/mem_reg_4_4/WEA[0]
                            (rising edge-triggered cell RAMB36E1 clocked by sys_clk_pin  {rise@0.000ns fall@5.000ns period=10.000ns})
  Path Group:             sys_clk_pin
  Path Type:              Setup (Max at Slow Process Corner)
  Requirement:            10.000ns  (sys_clk_pin rise@10.000ns - sys_clk_pin rise@0.000ns)
  Data Path Delay:        7.133ns  (logic 1.182ns (16.571%)  route 5.951ns (83.429%))
  Logic Levels:           4  (LUT4=1 LUT5=2 LUT6=1)
  Clock Path Skew:        -0.182ns (DCD - SCD + CPR)
    Destination Clock Delay (DCD):    4.952ns = ( 14.952 - 10.000 ) 
    Source Clock Delay      (SCD):    5.315ns
    Clock Pessimism Removal (CPR):    0.180ns
  Clock Uncertainty:      0.035ns  ((TSJ^2 + TIJ^2)^1/2 + DJ) / 2 + PE
    Total System Jitter     (TSJ):    0.071ns
    Total Input Jitter      (TIJ):    0.000ns
    Discrete Jitter          (DJ):    0.000ns
    Phase Error              (PE):    0.000ns

    Location             Delay type                Incr(ns)  Path(ns)    Netlist Resource(s)
  -------------------------------------------------------------------    -------------------
                         (clock sys_clk_pin rise edge)
                                                      0.000     0.000 r  
    E3                                                0.000     0.000 r  CLK100MHZ (IN)
                         net (fo=0)                   0.000     0.000    CLK100MHZ
    E3                   IBUF (Prop_ibuf_I_O)         1.482     1.482 r  CLK100MHZ_IBUF_inst/O
                         net (fo=1, routed)           2.025     3.506    CLK100MHZ_IBUF
    BUFGCTRL_X0Y16       BUFG (Prop_bufg_I_O)         0.096     3.602 r  CLK100MHZ_IBUF_BUFG_inst/O
                         net (fo=290, routed)         1.712     5.315    CLK100MHZ_IBUF_BUFG
    SLICE_X72Y88         FDRE                                         r  record_count_reg[10]/C
  -------------------------------------------------------------------    -------------------
    SLICE_X72Y88         FDRE (Prop_fdre_C_Q)         0.456     5.771 r  record_count_reg[10]/Q
                         net (fo=9, routed)           1.063     6.833    u_audio_buffer/out[10]
    SLICE_X71Y88         LUT4 (Prop_lut4_I3_O)        0.152     6.985 f  u_audio_buffer/mem_reg_0_0_i_25/O
                         net (fo=1, routed)           0.642     7.627    u_audio_buffer/mem_reg_0_0_i_25_n_0
    SLICE_X73Y87         LUT5 (Prop_lut5_I1_O)        0.326     7.953 f  u_audio_buffer/mem_reg_0_0_i_20/O
                         net (fo=2, routed)           0.645     8.598    u_audio_buffer/record_count_reg[2]
    SLICE_X73Y88         LUT6 (Prop_lut6_I0_O)        0.124     8.722 f  u_audio_buffer/mem_reg_0_0_i_19/O
                         net (fo=30, routed)          2.185    10.907    u_pdm_decoder/record_count_reg[18]
    SLICE_X62Y116        LUT5 (Prop_lut5_I3_O)        0.124    11.031 r  u_pdm_decoder/mem_reg_5_3_i_1/O
                         net (fo=2, routed)           1.417    12.448    u_audio_buffer/mem_reg_5_3_0[1]
    RAMB36_X1Y26         RAMB36E1                                     r  u_audio_buffer/mem_reg_4_4/WEA[0]
  -------------------------------------------------------------------    -------------------

                         (clock sys_clk_pin rise edge)
                                                     10.000    10.000 r  
    E3                                                0.000    10.000 r  CLK100MHZ (IN)
                         net (fo=0)                   0.000    10.000    CLK100MHZ
    E3                   IBUF (Prop_ibuf_I_O)         1.411    11.411 r  CLK100MHZ_IBUF_inst/O
                         net (fo=1, routed)           1.920    13.331    CLK100MHZ_IBUF
    BUFGCTRL_X0Y16       BUFG (Prop_bufg_I_O)         0.091    13.422 r  CLK100MHZ_IBUF_BUFG_inst/O
                         net (fo=290, routed)         1.530    14.952    u_audio_buffer/CLK100MHZ_IBUF_BUFG
    RAMB36_X1Y26         RAMB36E1                                     r  u_audio_buffer/mem_reg_4_4/CLKARDCLK
                         clock pessimism              0.180    15.132    
                         clock uncertainty           -0.035    15.097    
    RAMB36_X1Y26         RAMB36E1 (Setup_ramb36e1_CLKARDCLK_WEA[0])
                                                     -0.532    14.565    u_audio_buffer/mem_reg_4_4
  -------------------------------------------------------------------
                         required time                         14.565    
                         arrival time                         -12.448    
  -------------------------------------------------------------------
                         slack                                  2.118    

Slack (MET) :             2.127ns  (required time - arrival time)
  Source:                 FSM_sequential_state_reg[1]/C
                            (rising edge-triggered cell FDRE clocked by sys_clk_pin  {rise@0.000ns fall@5.000ns period=10.000ns})
  Destination:            u_audio_buffer/mem_reg_1_4/ADDRARDADDR[4]
                            (rising edge-triggered cell RAMB36E1 clocked by sys_clk_pin  {rise@0.000ns fall@5.000ns period=10.000ns})
  Path Group:             sys_clk_pin
  Path Type:              Setup (Max at Slow Process Corner)
  Requirement:            10.000ns  (sys_clk_pin rise@10.000ns - sys_clk_pin rise@0.000ns)
  Data Path Delay:        6.970ns  (logic 0.608ns (8.723%)  route 6.362ns (91.277%))
  Logic Levels:           1  (LUT5=1)
  Clock Path Skew:        -0.093ns (DCD - SCD + CPR)
    Destination Clock Delay (DCD):    4.960ns = ( 14.960 - 10.000 ) 
    Source Clock Delay      (SCD):    5.234ns
    Clock Pessimism Removal (CPR):    0.180ns
  Clock Uncertainty:      0.035ns  ((TSJ^2 + TIJ^2)^1/2 + DJ) / 2 + PE
    Total System Jitter     (TSJ):    0.071ns
    Total Input Jitter      (TIJ):    0.000ns
    Discrete Jitter          (DJ):    0.000ns
    Phase Error              (PE):    0.000ns

    Location             Delay type                Incr(ns)  Path(ns)    Netlist Resource(s)
  -------------------------------------------------------------------    -------------------
                         (clock sys_clk_pin rise edge)
                                                      0.000     0.000 r  
    E3                                                0.000     0.000 r  CLK100MHZ (IN)
                         net (fo=0)                   0.000     0.000    CLK100MHZ
    E3                   IBUF (Prop_ibuf_I_O)         1.482     1.482 r  CLK100MHZ_IBUF_inst/O
                         net (fo=1, routed)           2.025     3.506    CLK100MHZ_IBUF
    BUFGCTRL_X0Y16       BUFG (Prop_bufg_I_O)         0.096     3.602 r  CLK100MHZ_IBUF_BUFG_inst/O
                         net (fo=290, routed)         1.631     5.234    CLK100MHZ_IBUF_BUFG
    SLICE_X69Y90         FDRE                                         r  FSM_sequential_state_reg[1]/C
  -------------------------------------------------------------------    -------------------
    SLICE_X69Y90         FDRE (Prop_fdre_C_Q)         0.456     5.690 r  FSM_sequential_state_reg[1]/Q
                         net (fo=137, routed)         1.795     7.485    u_audio_buffer/state[1]
    SLICE_X69Y84         LUT5 (Prop_lut5_I1_O)        0.152     7.637 r  u_audio_buffer/mem_reg_0_3_i_12/O
                         net (fo=24, routed)          4.567    12.204    u_audio_buffer/mem_reg_0_3_i_12_n_0
    RAMB36_X1Y29         RAMB36E1                                     r  u_audio_buffer/mem_reg_1_4/ADDRARDADDR[4]
  -------------------------------------------------------------------    -------------------

                         (clock sys_clk_pin rise edge)
                                                     10.000    10.000 r  
    E3                                                0.000    10.000 r  CLK100MHZ (IN)
                         net (fo=0)                   0.000    10.000    CLK100MHZ
    E3                   IBUF (Prop_ibuf_I_O)         1.411    11.411 r  CLK100MHZ_IBUF_inst/O
                         net (fo=1, routed)           1.920    13.331    CLK100MHZ_IBUF
    BUFGCTRL_X0Y16       BUFG (Prop_bufg_I_O)         0.091    13.422 r  CLK100MHZ_IBUF_BUFG_inst/O
                         net (fo=290, routed)         1.538    14.960    u_audio_buffer/CLK100MHZ_IBUF_BUFG
    RAMB36_X1Y29         RAMB36E1                                     r  u_audio_buffer/mem_reg_1_4/CLKARDCLK
                         clock pessimism              0.180    15.140    
                         clock uncertainty           -0.035    15.105    
    RAMB36_X1Y29         RAMB36E1 (Setup_ramb36e1_CLKARDCLK_ADDRARDADDR[4])
                                                     -0.774    14.331    u_audio_buffer/mem_reg_1_4
  -------------------------------------------------------------------
                         required time                         14.331    
                         arrival time                         -12.204    
  -------------------------------------------------------------------
                         slack                                  2.127    

Slack (MET) :             2.154ns  (required time - arrival time)
  Source:                 record_count_reg[15]/C
                            (rising edge-triggered cell FDRE clocked by sys_clk_pin  {rise@0.000ns fall@5.000ns period=10.000ns})
  Destination:            u_audio_buffer/mem_reg_1_4/ADDRARDADDR[15]
                            (rising edge-triggered cell RAMB36E1 clocked by sys_clk_pin  {rise@0.000ns fall@5.000ns period=10.000ns})
  Path Group:             sys_clk_pin
  Path Type:              Setup (Max at Slow Process Corner)
  Requirement:            10.000ns  (sys_clk_pin rise@10.000ns - sys_clk_pin rise@0.000ns)
  Data Path Delay:        7.120ns  (logic 0.580ns (8.146%)  route 6.540ns (91.854%))
  Logic Levels:           1  (LUT5=1)
  Clock Path Skew:        -0.175ns (DCD - SCD + CPR)
    Destination Clock Delay (DCD):    4.960ns = ( 14.960 - 10.000 ) 
    Source Clock Delay      (SCD):    5.316ns
    Clock Pessimism Removal (CPR):    0.180ns
  Clock Uncertainty:      0.035ns  ((TSJ^2 + TIJ^2)^1/2 + DJ) / 2 + PE
    Total System Jitter     (TSJ):    0.071ns
    Total Input Jitter      (TIJ):    0.000ns
    Discrete Jitter          (DJ):    0.000ns
    Phase Error              (PE):    0.000ns

    Location             Delay type                Incr(ns)  Path(ns)    Netlist Resource(s)
  -------------------------------------------------------------------    -------------------
                         (clock sys_clk_pin rise edge)
                                                      0.000     0.000 r  
    E3                                                0.000     0.000 r  CLK100MHZ (IN)
                         net (fo=0)                   0.000     0.000    CLK100MHZ
    E3                   IBUF (Prop_ibuf_I_O)         1.482     1.482 r  CLK100MHZ_IBUF_inst/O
                         net (fo=1, routed)           2.025     3.506    CLK100MHZ_IBUF
    BUFGCTRL_X0Y16       BUFG (Prop_bufg_I_O)         0.096     3.602 r  CLK100MHZ_IBUF_BUFG_inst/O
                         net (fo=290, routed)         1.713     5.316    CLK100MHZ_IBUF_BUFG
    SLICE_X72Y89         FDRE                                         r  record_count_reg[15]/C
  -------------------------------------------------------------------    -------------------
    SLICE_X72Y89         FDRE (Prop_fdre_C_Q)         0.456     5.772 r  record_count_reg[15]/Q
                         net (fo=9, routed)           0.979     6.751    u_audio_buffer/out[15]
    SLICE_X69Y89         LUT5 (Prop_lut5_I2_O)        0.124     6.875 r  u_audio_buffer/mem_reg_0_3_i_1/O
                         net (fo=36, routed)          5.561    12.436    u_audio_buffer/mem_reg_0_3_i_1_n_0
    RAMB36_X1Y29         RAMB36E1                                     r  u_audio_buffer/mem_reg_1_4/ADDRARDADDR[15]
  -------------------------------------------------------------------    -------------------

                         (clock sys_clk_pin rise edge)
                                                     10.000    10.000 r  
    E3                                                0.000    10.000 r  CLK100MHZ (IN)
                         net (fo=0)                   0.000    10.000    CLK100MHZ
    E3                   IBUF (Prop_ibuf_I_O)         1.411    11.411 r  CLK100MHZ_IBUF_inst/O
                         net (fo=1, routed)           1.920    13.331    CLK100MHZ_IBUF
    BUFGCTRL_X0Y16       BUFG (Prop_bufg_I_O)         0.091    13.422 r  CLK100MHZ_IBUF_BUFG_inst/O
                         net (fo=290, routed)         1.538    14.960    u_audio_buffer/CLK100MHZ_IBUF_BUFG
    RAMB36_X1Y29         RAMB36E1                                     r  u_audio_buffer/mem_reg_1_4/CLKARDCLK
                         clock pessimism              0.180    15.140    
                         clock uncertainty           -0.035    15.105    
    RAMB36_X1Y29         RAMB36E1 (Setup_ramb36e1_CLKARDCLK_ADDRARDADDR[15])
                                                     -0.515    14.590    u_audio_buffer/mem_reg_1_4
  -------------------------------------------------------------------
                         required time                         14.590    
                         arrival time                         -12.436    
  -------------------------------------------------------------------
                         slack                                  2.154    

Slack (MET) :             2.175ns  (required time - arrival time)
  Source:                 FSM_sequential_state_reg[1]/C
                            (rising edge-triggered cell FDRE clocked by sys_clk_pin  {rise@0.000ns fall@5.000ns period=10.000ns})
  Destination:            u_audio_buffer/mem_reg_1_4/ADDRARDADDR[13]
                            (rising edge-triggered cell RAMB36E1 clocked by sys_clk_pin  {rise@0.000ns fall@5.000ns period=10.000ns})
  Path Group:             sys_clk_pin
  Path Type:              Setup (Max at Slow Process Corner)
  Requirement:            10.000ns  (sys_clk_pin rise@10.000ns - sys_clk_pin rise@0.000ns)
  Data Path Delay:        6.923ns  (logic 0.608ns (8.783%)  route 6.315ns (91.217%))
  Logic Levels:           1  (LUT5=1)
  Clock Path Skew:        -0.093ns (DCD - SCD + CPR)
    Destination Clock Delay (DCD):    4.960ns = ( 14.960 - 10.000 ) 
    Source Clock Delay      (SCD):    5.234ns
    Clock Pessimism Removal (CPR):    0.180ns
  Clock Uncertainty:      0.035ns  ((TSJ^2 + TIJ^2)^1/2 + DJ) / 2 + PE
    Total System Jitter     (TSJ):    0.071ns
    Total Input Jitter      (TIJ):    0.000ns
    Discrete Jitter          (DJ):    0.000ns
    Phase Error              (PE):    0.000ns

    Location             Delay type                Incr(ns)  Path(ns)    Netlist Resource(s)
  -------------------------------------------------------------------    -------------------
                         (clock sys_clk_pin rise edge)
                                                      0.000     0.000 r  
    E3                                                0.000     0.000 r  CLK100MHZ (IN)
                         net (fo=0)                   0.000     0.000    CLK100MHZ
    E3                   IBUF (Prop_ibuf_I_O)         1.482     1.482 r  CLK100MHZ_IBUF_inst/O
                         net (fo=1, routed)           2.025     3.506    CLK100MHZ_IBUF
    BUFGCTRL_X0Y16       BUFG (Prop_bufg_I_O)         0.096     3.602 r  CLK100MHZ_IBUF_BUFG_inst/O
                         net (fo=290, routed)         1.631     5.234    CLK100MHZ_IBUF_BUFG
    SLICE_X69Y90         FDRE                                         r  FSM_sequential_state_reg[1]/C
  -------------------------------------------------------------------    -------------------
    SLICE_X69Y90         FDRE (Prop_fdre_C_Q)         0.456     5.690 r  FSM_sequential_state_reg[1]/Q
                         net (fo=137, routed)         1.616     7.306    u_audio_buffer/state[1]
    SLICE_X71Y87         LUT5 (Prop_lut5_I1_O)        0.152     7.458 r  u_audio_buffer/mem_reg_0_3_i_3/O
                         net (fo=24, routed)          4.698    12.156    u_audio_buffer/mem_reg_0_3_i_3_n_0
    RAMB36_X1Y29         RAMB36E1                                     r  u_audio_buffer/mem_reg_1_4/ADDRARDADDR[13]
  -------------------------------------------------------------------    -------------------

                         (clock sys_clk_pin rise edge)
                                                     10.000    10.000 r  
    E3                                                0.000    10.000 r  CLK100MHZ (IN)
                         net (fo=0)                   0.000    10.000    CLK100MHZ
    E3                   IBUF (Prop_ibuf_I_O)         1.411    11.411 r  CLK100MHZ_IBUF_inst/O
                         net (fo=1, routed)           1.920    13.331    CLK100MHZ_IBUF
    BUFGCTRL_X0Y16       BUFG (Prop_bufg_I_O)         0.091    13.422 r  CLK100MHZ_IBUF_BUFG_inst/O
                         net (fo=290, routed)         1.538    14.960    u_audio_buffer/CLK100MHZ_IBUF_BUFG
    RAMB36_X1Y29         RAMB36E1                                     r  u_audio_buffer/mem_reg_1_4/CLKARDCLK
                         clock pessimism              0.180    15.140    
                         clock uncertainty           -0.035    15.105    
    RAMB36_X1Y29         RAMB36E1 (Setup_ramb36e1_CLKARDCLK_ADDRARDADDR[13])
                                                     -0.774    14.331    u_audio_buffer/mem_reg_1_4
  -------------------------------------------------------------------
                         required time                         14.331    
                         arrival time                         -12.156    
  -------------------------------------------------------------------
                         slack                                  2.175    

Slack (MET) :             2.223ns  (required time - arrival time)
  Source:                 record_count_reg[10]/C
                            (rising edge-triggered cell FDRE clocked by sys_clk_pin  {rise@0.000ns fall@5.000ns period=10.000ns})
  Destination:            u_audio_buffer/mem_reg_5_4/WEA[0]
                            (rising edge-triggered cell RAMB36E1 clocked by sys_clk_pin  {rise@0.000ns fall@5.000ns period=10.000ns})
  Path Group:             sys_clk_pin
  Path Type:              Setup (Max at Slow Process Corner)
  Requirement:            10.000ns  (sys_clk_pin rise@10.000ns - sys_clk_pin rise@0.000ns)
  Data Path Delay:        7.032ns  (logic 1.182ns (16.810%)  route 5.850ns (83.190%))
  Logic Levels:           4  (LUT4=1 LUT5=2 LUT6=1)
  Clock Path Skew:        -0.178ns (DCD - SCD + CPR)
    Destination Clock Delay (DCD):    4.956ns = ( 14.956 - 10.000 ) 
    Source Clock Delay      (SCD):    5.315ns
    Clock Pessimism Removal (CPR):    0.180ns
  Clock Uncertainty:      0.035ns  ((TSJ^2 + TIJ^2)^1/2 + DJ) / 2 + PE
    Total System Jitter     (TSJ):    0.071ns
    Total Input Jitter      (TIJ):    0.000ns
    Discrete Jitter          (DJ):    0.000ns
    Phase Error              (PE):    0.000ns

    Location             Delay type                Incr(ns)  Path(ns)    Netlist Resource(s)
  -------------------------------------------------------------------    -------------------
                         (clock sys_clk_pin rise edge)
                                                      0.000     0.000 r  
    E3                                                0.000     0.000 r  CLK100MHZ (IN)
                         net (fo=0)                   0.000     0.000    CLK100MHZ
    E3                   IBUF (Prop_ibuf_I_O)         1.482     1.482 r  CLK100MHZ_IBUF_inst/O
                         net (fo=1, routed)           2.025     3.506    CLK100MHZ_IBUF
    BUFGCTRL_X0Y16       BUFG (Prop_bufg_I_O)         0.096     3.602 r  CLK100MHZ_IBUF_BUFG_inst/O
                         net (fo=290, routed)         1.712     5.315    CLK100MHZ_IBUF_BUFG
    SLICE_X72Y88         FDRE                                         r  record_count_reg[10]/C
  -------------------------------------------------------------------    -------------------
    SLICE_X72Y88         FDRE (Prop_fdre_C_Q)         0.456     5.771 r  record_count_reg[10]/Q
                         net (fo=9, routed)           1.063     6.833    u_audio_buffer/out[10]
    SLICE_X71Y88         LUT4 (Prop_lut4_I3_O)        0.152     6.985 f  u_audio_buffer/mem_reg_0_0_i_25/O
                         net (fo=1, routed)           0.642     7.627    u_audio_buffer/mem_reg_0_0_i_25_n_0
    SLICE_X73Y87         LUT5 (Prop_lut5_I1_O)        0.326     7.953 f  u_audio_buffer/mem_reg_0_0_i_20/O
                         net (fo=2, routed)           0.645     8.598    u_audio_buffer/record_count_reg[2]
    SLICE_X73Y88         LUT6 (Prop_lut6_I0_O)        0.124     8.722 f  u_audio_buffer/mem_reg_0_0_i_19/O
                         net (fo=30, routed)          2.185    10.907    u_pdm_decoder/record_count_reg[18]
    SLICE_X62Y116        LUT5 (Prop_lut5_I3_O)        0.124    11.031 r  u_pdm_decoder/mem_reg_5_3_i_1/O
                         net (fo=2, routed)           1.315    12.346    u_audio_buffer/mem_reg_5_3_0[1]
    RAMB36_X1Y27         RAMB36E1                                     r  u_audio_buffer/mem_reg_5_4/WEA[0]
  -------------------------------------------------------------------    -------------------

                         (clock sys_clk_pin rise edge)
                                                     10.000    10.000 r  
    E3                                                0.000    10.000 r  CLK100MHZ (IN)
                         net (fo=0)                   0.000    10.000    CLK100MHZ
    E3                   IBUF (Prop_ibuf_I_O)         1.411    11.411 r  CLK100MHZ_IBUF_inst/O
                         net (fo=1, routed)           1.920    13.331    CLK100MHZ_IBUF
    BUFGCTRL_X0Y16       BUFG (Prop_bufg_I_O)         0.091    13.422 r  CLK100MHZ_IBUF_BUFG_inst/O
                         net (fo=290, routed)         1.534    14.956    u_audio_buffer/CLK100MHZ_IBUF_BUFG
    RAMB36_X1Y27         RAMB36E1                                     r  u_audio_buffer/mem_reg_5_4/CLKARDCLK
                         clock pessimism              0.180    15.136    
                         clock uncertainty           -0.035    15.101    
    RAMB36_X1Y27         RAMB36E1 (Setup_ramb36e1_CLKARDCLK_WEA[0])
                                                     -0.532    14.569    u_audio_buffer/mem_reg_5_4
  -------------------------------------------------------------------
                         required time                         14.569    
                         arrival time                         -12.346    
  -------------------------------------------------------------------
                         slack                                  2.223    

Slack (MET) :             2.244ns  (required time - arrival time)
  Source:                 record_count_reg[0]/C
                            (rising edge-triggered cell FDRE clocked by sys_clk_pin  {rise@0.000ns fall@5.000ns period=10.000ns})
  Destination:            u_audio_buffer/mem_reg_1_4/ADDRARDADDR[0]
                            (rising edge-triggered cell RAMB36E1 clocked by sys_clk_pin  {rise@0.000ns fall@5.000ns period=10.000ns})
  Path Group:             sys_clk_pin
  Path Type:              Setup (Max at Slow Process Corner)
  Requirement:            10.000ns  (sys_clk_pin rise@10.000ns - sys_clk_pin rise@0.000ns)
  Data Path Delay:        6.982ns  (logic 0.580ns (8.307%)  route 6.402ns (91.693%))
  Logic Levels:           1  (LUT5=1)
  Clock Path Skew:        -0.172ns (DCD - SCD + CPR)
    Destination Clock Delay (DCD):    4.960ns = ( 14.960 - 10.000 ) 
    Source Clock Delay      (SCD):    5.313ns
    Clock Pessimism Removal (CPR):    0.180ns
  Clock Uncertainty:      0.035ns  ((TSJ^2 + TIJ^2)^1/2 + DJ) / 2 + PE
    Total System Jitter     (TSJ):    0.071ns
    Total Input Jitter      (TIJ):    0.000ns
    Discrete Jitter          (DJ):    0.000ns
    Phase Error              (PE):    0.000ns

    Location             Delay type                Incr(ns)  Path(ns)    Netlist Resource(s)
  -------------------------------------------------------------------    -------------------
                         (clock sys_clk_pin rise edge)
                                                      0.000     0.000 r  
    E3                                                0.000     0.000 r  CLK100MHZ (IN)
                         net (fo=0)                   0.000     0.000    CLK100MHZ
    E3                   IBUF (Prop_ibuf_I_O)         1.482     1.482 r  CLK100MHZ_IBUF_inst/O
                         net (fo=1, routed)           2.025     3.506    CLK100MHZ_IBUF
    BUFGCTRL_X0Y16       BUFG (Prop_bufg_I_O)         0.096     3.602 r  CLK100MHZ_IBUF_BUFG_inst/O
                         net (fo=290, routed)         1.710     5.313    CLK100MHZ_IBUF_BUFG
    SLICE_X72Y86         FDRE                                         r  record_count_reg[0]/C
  -------------------------------------------------------------------    -------------------
    SLICE_X72Y86         FDRE (Prop_fdre_C_Q)         0.456     5.769 r  record_count_reg[0]/Q
                         net (fo=10, routed)          1.409     7.178    u_audio_buffer/out[0]
    SLICE_X64Y85         LUT5 (Prop_lut5_I1_O)        0.124     7.302 r  u_audio_buffer/mem_reg_0_3_i_16/O
                         net (fo=24, routed)          4.992    12.295    u_audio_buffer/mem_reg_0_3_i_16_n_0
    RAMB36_X1Y29         RAMB36E1                                     r  u_audio_buffer/mem_reg_1_4/ADDRARDADDR[0]
  -------------------------------------------------------------------    -------------------

                         (clock sys_clk_pin rise edge)
                                                     10.000    10.000 r  
    E3                                                0.000    10.000 r  CLK100MHZ (IN)
                         net (fo=0)                   0.000    10.000    CLK100MHZ
    E3                   IBUF (Prop_ibuf_I_O)         1.411    11.411 r  CLK100MHZ_IBUF_inst/O
                         net (fo=1, routed)           1.920    13.331    CLK100MHZ_IBUF
    BUFGCTRL_X0Y16       BUFG (Prop_bufg_I_O)         0.091    13.422 r  CLK100MHZ_IBUF_BUFG_inst/O
                         net (fo=290, routed)         1.538    14.960    u_audio_buffer/CLK100MHZ_IBUF_BUFG
    RAMB36_X1Y29         RAMB36E1                                     r  u_audio_buffer/mem_reg_1_4/CLKARDCLK
                         clock pessimism              0.180    15.140    
                         clock uncertainty           -0.035    15.105    
    RAMB36_X1Y29         RAMB36E1 (Setup_ramb36e1_CLKARDCLK_ADDRARDADDR[0])
                                                     -0.566    14.539    u_audio_buffer/mem_reg_1_4
  -------------------------------------------------------------------
                         required time                         14.539    
                         arrival time                         -12.295    
  -------------------------------------------------------------------
                         slack                                  2.244    

Slack (MET) :             2.275ns  (required time - arrival time)
  Source:                 record_count_reg[10]/C
                            (rising edge-triggered cell FDRE clocked by sys_clk_pin  {rise@0.000ns fall@5.000ns period=10.000ns})
  Destination:            u_audio_buffer/mem_reg_1_5/WEA[0]
                            (rising edge-triggered cell RAMB36E1 clocked by sys_clk_pin  {rise@0.000ns fall@5.000ns period=10.000ns})
  Path Group:             sys_clk_pin
  Path Type:              Setup (Max at Slow Process Corner)
  Requirement:            10.000ns  (sys_clk_pin rise@10.000ns - sys_clk_pin rise@0.000ns)
  Data Path Delay:        6.860ns  (logic 1.174ns (17.115%)  route 5.686ns (82.885%))
  Logic Levels:           4  (LUT4=1 LUT5=2 LUT6=1)
  Clock Path Skew:        -0.094ns (DCD - SCD + CPR)
    Destination Clock Delay (DCD):    5.040ns = ( 15.040 - 10.000 ) 
    Source Clock Delay      (SCD):    5.315ns
    Clock Pessimism Removal (CPR):    0.180ns
  Clock Uncertainty:      0.035ns  ((TSJ^2 + TIJ^2)^1/2 + DJ) / 2 + PE
    Total System Jitter     (TSJ):    0.071ns
    Total Input Jitter      (TIJ):    0.000ns
    Discrete Jitter          (DJ):    0.000ns
    Phase Error              (PE):    0.000ns

    Location             Delay type                Incr(ns)  Path(ns)    Netlist Resource(s)
  -------------------------------------------------------------------    -------------------
                         (clock sys_clk_pin rise edge)
                                                      0.000     0.000 r  
    E3                                                0.000     0.000 r  CLK100MHZ (IN)
                         net (fo=0)                   0.000     0.000    CLK100MHZ
    E3                   IBUF (Prop_ibuf_I_O)         1.482     1.482 r  CLK100MHZ_IBUF_inst/O
                         net (fo=1, routed)           2.025     3.506    CLK100MHZ_IBUF
    BUFGCTRL_X0Y16       BUFG (Prop_bufg_I_O)         0.096     3.602 r  CLK100MHZ_IBUF_BUFG_inst/O
                         net (fo=290, routed)         1.712     5.315    CLK100MHZ_IBUF_BUFG
    SLICE_X72Y88         FDRE                                         r  record_count_reg[10]/C
  -------------------------------------------------------------------    -------------------
    SLICE_X72Y88         FDRE (Prop_fdre_C_Q)         0.456     5.771 r  record_count_reg[10]/Q
                         net (fo=9, routed)           1.063     6.833    u_audio_buffer/out[10]
    SLICE_X71Y88         LUT4 (Prop_lut4_I3_O)        0.152     6.985 f  u_audio_buffer/mem_reg_0_0_i_25/O
                         net (fo=1, routed)           0.642     7.627    u_audio_buffer/mem_reg_0_0_i_25_n_0
    SLICE_X73Y87         LUT5 (Prop_lut5_I1_O)        0.326     7.953 f  u_audio_buffer/mem_reg_0_0_i_20/O
                         net (fo=2, routed)           0.645     8.598    u_audio_buffer/record_count_reg[2]
    SLICE_X73Y88         LUT6 (Prop_lut6_I0_O)        0.124     8.722 f  u_audio_buffer/mem_reg_0_0_i_19/O
                         net (fo=30, routed)          1.212     9.934    u_pdm_decoder/record_count_reg[18]
    SLICE_X70Y99         LUT5 (Prop_lut5_I3_O)        0.116    10.050 r  u_pdm_decoder/mem_reg_0_5_i_1/O
                         net (fo=3, routed)           2.124    12.174    u_audio_buffer/mem_reg_0_6_0[0]
    RAMB36_X2Y27         RAMB36E1                                     r  u_audio_buffer/mem_reg_1_5/WEA[0]
  -------------------------------------------------------------------    -------------------

                         (clock sys_clk_pin rise edge)
                                                     10.000    10.000 r  
    E3                                                0.000    10.000 r  CLK100MHZ (IN)
                         net (fo=0)                   0.000    10.000    CLK100MHZ
    E3                   IBUF (Prop_ibuf_I_O)         1.411    11.411 r  CLK100MHZ_IBUF_inst/O
                         net (fo=1, routed)           1.920    13.331    CLK100MHZ_IBUF
    BUFGCTRL_X0Y16       BUFG (Prop_bufg_I_O)         0.091    13.422 r  CLK100MHZ_IBUF_BUFG_inst/O
                         net (fo=290, routed)         1.618    15.040    u_audio_buffer/CLK100MHZ_IBUF_BUFG
    RAMB36_X2Y27         RAMB36E1                                     r  u_audio_buffer/mem_reg_1_5/CLKARDCLK
                         clock pessimism              0.180    15.220    
                         clock uncertainty           -0.035    15.185    
    RAMB36_X2Y27         RAMB36E1 (Setup_ramb36e1_CLKARDCLK_WEA[0])
                                                     -0.736    14.449    u_audio_buffer/mem_reg_1_5
  -------------------------------------------------------------------
                         required time                         14.449    
                         arrival time                         -12.174    
  -------------------------------------------------------------------
                         slack                                  2.275    





Min Delay Paths
--------------------------------------------------------------------------------------
Slack (MET) :             0.100ns  (arrival time - required time)
  Source:                 u_pdm_decoder/pcm_sample_reg[6]/C
                            (rising edge-triggered cell FDSE clocked by sys_clk_pin  {rise@0.000ns fall@5.000ns period=10.000ns})
  Destination:            u_audio_buffer/mem_reg_2_6/DIADI[0]
                            (rising edge-triggered cell RAMB36E1 clocked by sys_clk_pin  {rise@0.000ns fall@5.000ns period=10.000ns})
  Path Group:             sys_clk_pin
  Path Type:              Hold (Min at Fast Process Corner)
  Requirement:            0.000ns  (sys_clk_pin rise@0.000ns - sys_clk_pin rise@0.000ns)
  Data Path Delay:        0.558ns  (logic 0.141ns (25.275%)  route 0.417ns (74.725%))
  Logic Levels:           0  
  Clock Path Skew:        0.302ns (DCD - SCD - CPR)
    Destination Clock Delay (DCD):    2.063ns
    Source Clock Delay      (SCD):    1.515ns
    Clock Pessimism Removal (CPR):    0.245ns

    Location             Delay type                Incr(ns)  Path(ns)    Netlist Resource(s)
  -------------------------------------------------------------------    -------------------
                         (clock sys_clk_pin rise edge)
                                                      0.000     0.000 r  
    E3                                                0.000     0.000 r  CLK100MHZ (IN)
                         net (fo=0)                   0.000     0.000    CLK100MHZ
    E3                   IBUF (Prop_ibuf_I_O)         0.250     0.250 r  CLK100MHZ_IBUF_inst/O
                         net (fo=1, routed)           0.644     0.894    CLK100MHZ_IBUF
    BUFGCTRL_X0Y16       BUFG (Prop_bufg_I_O)         0.026     0.920 r  CLK100MHZ_IBUF_BUFG_inst/O
                         net (fo=290, routed)         0.596     1.515    u_pdm_decoder/CLK100MHZ_IBUF_BUFG
    SLICE_X72Y99         FDSE                                         r  u_pdm_decoder/pcm_sample_reg[6]/C
  -------------------------------------------------------------------    -------------------
    SLICE_X72Y99         FDSE (Prop_fdse_C_Q)         0.141     1.656 r  u_pdm_decoder/pcm_sample_reg[6]/Q
                         net (fo=10, routed)          0.417     2.073    u_audio_buffer/mem_reg_7_7_0[6]
    RAMB36_X2Y22         RAMB36E1                                     r  u_audio_buffer/mem_reg_2_6/DIADI[0]
  -------------------------------------------------------------------    -------------------

                         (clock sys_clk_pin rise edge)
                                                      0.000     0.000 r  
    E3                                                0.000     0.000 r  CLK100MHZ (IN)
                         net (fo=0)                   0.000     0.000    CLK100MHZ
    E3                   IBUF (Prop_ibuf_I_O)         0.438     0.438 r  CLK100MHZ_IBUF_inst/O
                         net (fo=1, routed)           0.699     1.136    CLK100MHZ_IBUF
    BUFGCTRL_X0Y16       BUFG (Prop_bufg_I_O)         0.029     1.165 r  CLK100MHZ_IBUF_BUFG_inst/O
                         net (fo=290, routed)         0.898     2.063    u_audio_buffer/CLK100MHZ_IBUF_BUFG
    RAMB36_X2Y22         RAMB36E1                                     r  u_audio_buffer/mem_reg_2_6/CLKARDCLK
                         clock pessimism             -0.245     1.818    
    RAMB36_X2Y22         RAMB36E1 (Hold_ramb36e1_CLKARDCLK_DIADI[0])
                                                      0.155     1.973    u_audio_buffer/mem_reg_2_6
  -------------------------------------------------------------------
                         required time                         -1.973    
                         arrival time                           2.073    
  -------------------------------------------------------------------
                         slack                                  0.100    

Slack (MET) :             0.154ns  (arrival time - required time)
  Source:                 u_pdm_decoder/ones_cnt_reg[1]/C
                            (rising edge-triggered cell FDRE clocked by sys_clk_pin  {rise@0.000ns fall@5.000ns period=10.000ns})
  Destination:            u_pdm_decoder/pcm_sample_reg[4]/D
                            (rising edge-triggered cell FDRE clocked by sys_clk_pin  {rise@0.000ns fall@5.000ns period=10.000ns})
  Path Group:             sys_clk_pin
  Path Type:              Hold (Min at Fast Process Corner)
  Requirement:            0.000ns  (sys_clk_pin rise@0.000ns - sys_clk_pin rise@0.000ns)
  Data Path Delay:        0.259ns  (logic 0.186ns (71.834%)  route 0.073ns (28.166%))
  Logic Levels:           1  (LUT6=1)
  Clock Path Skew:        0.013ns (DCD - SCD - CPR)
    Destination Clock Delay (DCD):    2.033ns
    Source Clock Delay      (SCD):    1.515ns
    Clock Pessimism Removal (CPR):    0.504ns

    Location             Delay type                Incr(ns)  Path(ns)    Netlist Resource(s)
  -------------------------------------------------------------------    -------------------
                         (clock sys_clk_pin rise edge)
                                                      0.000     0.000 r  
    E3                                                0.000     0.000 r  CLK100MHZ (IN)
                         net (fo=0)                   0.000     0.000    CLK100MHZ
    E3                   IBUF (Prop_ibuf_I_O)         0.250     0.250 r  CLK100MHZ_IBUF_inst/O
                         net (fo=1, routed)           0.644     0.894    CLK100MHZ_IBUF
    BUFGCTRL_X0Y16       BUFG (Prop_bufg_I_O)         0.026     0.920 r  CLK100MHZ_IBUF_BUFG_inst/O
                         net (fo=290, routed)         0.596     1.515    u_pdm_decoder/CLK100MHZ_IBUF_BUFG
    SLICE_X72Y97         FDRE                                         r  u_pdm_decoder/ones_cnt_reg[1]/C
  -------------------------------------------------------------------    -------------------
    SLICE_X72Y97         FDRE (Prop_fdre_C_Q)         0.141     1.656 r  u_pdm_decoder/ones_cnt_reg[1]/Q
                         net (fo=5, routed)           0.073     1.729    u_pdm_decoder/ones_cnt_reg[1]
    SLICE_X73Y97         LUT6 (Prop_lut6_I4_O)        0.045     1.774 r  u_pdm_decoder/pcm_sample[4]_i_1/O
                         net (fo=2, routed)           0.000     1.774    u_pdm_decoder/pcm_sample[4]_i_1_n_0
    SLICE_X73Y97         FDRE                                         r  u_pdm_decoder/pcm_sample_reg[4]/D
  -------------------------------------------------------------------    -------------------

                         (clock sys_clk_pin rise edge)
                                                      0.000     0.000 r  
    E3                                                0.000     0.000 r  CLK100MHZ (IN)
                         net (fo=0)                   0.000     0.000    CLK100MHZ
    E3                   IBUF (Prop_ibuf_I_O)         0.438     0.438 r  CLK100MHZ_IBUF_inst/O
                         net (fo=1, routed)           0.699     1.136    CLK100MHZ_IBUF
    BUFGCTRL_X0Y16       BUFG (Prop_bufg_I_O)         0.029     1.165 r  CLK100MHZ_IBUF_BUFG_inst/O
                         net (fo=290, routed)         0.868     2.033    u_pdm_decoder/CLK100MHZ_IBUF_BUFG
    SLICE_X73Y97         FDRE                                         r  u_pdm_decoder/pcm_sample_reg[4]/C
                         clock pessimism             -0.504     1.528    
    SLICE_X73Y97         FDRE (Hold_fdre_C_D)         0.092     1.620    u_pdm_decoder/pcm_sample_reg[4]
  -------------------------------------------------------------------
                         required time                         -1.620    
                         arrival time                           1.774    
  -------------------------------------------------------------------
                         slack                                  0.154    

Slack (MET) :             0.175ns  (arrival time - required time)
  Source:                 u_pdm_decoder/mclk_cnt_reg[0]/C
                            (rising edge-triggered cell FDRE clocked by sys_clk_pin  {rise@0.000ns fall@5.000ns period=10.000ns})
  Destination:            u_pdm_decoder/mclk_cnt_reg[2]/D
                            (rising edge-triggered cell FDRE clocked by sys_clk_pin  {rise@0.000ns fall@5.000ns period=10.000ns})
  Path Group:             sys_clk_pin
  Path Type:              Hold (Min at Fast Process Corner)
  Requirement:            0.000ns  (sys_clk_pin rise@0.000ns - sys_clk_pin rise@0.000ns)
  Data Path Delay:        0.321ns  (logic 0.189ns (58.967%)  route 0.132ns (41.033%))
  Logic Levels:           1  (LUT3=1)
  Clock Path Skew:        0.013ns (DCD - SCD - CPR)
    Destination Clock Delay (DCD):    2.036ns
    Source Clock Delay      (SCD):    1.517ns
    Clock Pessimism Removal (CPR):    0.505ns

    Location             Delay type                Incr(ns)  Path(ns)    Netlist Resource(s)
  -------------------------------------------------------------------    -------------------
                         (clock sys_clk_pin rise edge)
                                                      0.000     0.000 r  
    E3                                                0.000     0.000 r  CLK100MHZ (IN)
                         net (fo=0)                   0.000     0.000    CLK100MHZ
    E3                   IBUF (Prop_ibuf_I_O)         0.250     0.250 r  CLK100MHZ_IBUF_inst/O
                         net (fo=1, routed)           0.644     0.894    CLK100MHZ_IBUF
    BUFGCTRL_X0Y16       BUFG (Prop_bufg_I_O)         0.026     0.920 r  CLK100MHZ_IBUF_BUFG_inst/O
                         net (fo=290, routed)         0.598     1.517    u_pdm_decoder/CLK100MHZ_IBUF_BUFG
    SLICE_X77Y99         FDRE                                         r  u_pdm_decoder/mclk_cnt_reg[0]/C
  -------------------------------------------------------------------    -------------------
    SLICE_X77Y99         FDRE (Prop_fdre_C_Q)         0.141     1.658 r  u_pdm_decoder/mclk_cnt_reg[0]/Q
                         net (fo=8, routed)           0.132     1.790    u_pdm_decoder/mclk_cnt_reg[0]
    SLICE_X76Y99         LUT3 (Prop_lut3_I2_O)        0.048     1.838 r  u_pdm_decoder/mclk_cnt[2]_i_1/O
                         net (fo=1, routed)           0.000     1.838    u_pdm_decoder/mclk_cnt[2]_i_1_n_0
    SLICE_X76Y99         FDRE                                         r  u_pdm_decoder/mclk_cnt_reg[2]/D
  -------------------------------------------------------------------    -------------------

                         (clock sys_clk_pin rise edge)
                                                      0.000     0.000 r  
    E3                                                0.000     0.000 r  CLK100MHZ (IN)
                         net (fo=0)                   0.000     0.000    CLK100MHZ
    E3                   IBUF (Prop_ibuf_I_O)         0.438     0.438 r  CLK100MHZ_IBUF_inst/O
                         net (fo=1, routed)           0.699     1.136    CLK100MHZ_IBUF
    BUFGCTRL_X0Y16       BUFG (Prop_bufg_I_O)         0.029     1.165 r  CLK100MHZ_IBUF_BUFG_inst/O
                         net (fo=290, routed)         0.871     2.036    u_pdm_decoder/CLK100MHZ_IBUF_BUFG
    SLICE_X76Y99         FDRE                                         r  u_pdm_decoder/mclk_cnt_reg[2]/C
                         clock pessimism             -0.505     1.530    
    SLICE_X76Y99         FDRE (Hold_fdre_C_D)         0.133     1.663    u_pdm_decoder/mclk_cnt_reg[2]
  -------------------------------------------------------------------
                         required time                         -1.663    
                         arrival time                           1.838    
  -------------------------------------------------------------------
                         slack                                  0.175    

Slack (MET) :             0.180ns  (arrival time - required time)
  Source:                 u_pdm_decoder/pcm_sample_reg[4]/C
                            (rising edge-triggered cell FDRE clocked by sys_clk_pin  {rise@0.000ns fall@5.000ns period=10.000ns})
  Destination:            u_audio_buffer/mem_reg_6_4/DIADI[0]
                            (rising edge-triggered cell RAMB36E1 clocked by sys_clk_pin  {rise@0.000ns fall@5.000ns period=10.000ns})
  Path Group:             sys_clk_pin
  Path Type:              Hold (Min at Fast Process Corner)
  Requirement:            0.000ns  (sys_clk_pin rise@0.000ns - sys_clk_pin rise@0.000ns)
  Data Path Delay:        0.644ns  (logic 0.141ns (21.879%)  route 0.503ns (78.121%))
  Logic Levels:           0  
  Clock Path Skew:        0.309ns (DCD - SCD - CPR)
    Destination Clock Delay (DCD):    2.070ns
    Source Clock Delay      (SCD):    1.515ns
    Clock Pessimism Removal (CPR):    0.245ns

    Location             Delay type                Incr(ns)  Path(ns)    Netlist Resource(s)
  -------------------------------------------------------------------    -------------------
                         (clock sys_clk_pin rise edge)
                                                      0.000     0.000 r  
    E3                                                0.000     0.000 r  CLK100MHZ (IN)
                         net (fo=0)                   0.000     0.000    CLK100MHZ
    E3                   IBUF (Prop_ibuf_I_O)         0.250     0.250 r  CLK100MHZ_IBUF_inst/O
                         net (fo=1, routed)           0.644     0.894    CLK100MHZ_IBUF
    BUFGCTRL_X0Y16       BUFG (Prop_bufg_I_O)         0.026     0.920 r  CLK100MHZ_IBUF_BUFG_inst/O
                         net (fo=290, routed)         0.596     1.515    u_pdm_decoder/CLK100MHZ_IBUF_BUFG
    SLICE_X73Y97         FDRE                                         r  u_pdm_decoder/pcm_sample_reg[4]/C
  -------------------------------------------------------------------    -------------------
    SLICE_X73Y97         FDRE (Prop_fdre_C_Q)         0.141     1.656 r  u_pdm_decoder/pcm_sample_reg[4]/Q
                         net (fo=10, routed)          0.503     2.160    u_audio_buffer/mem_reg_7_7_0[4]
    RAMB36_X3Y22         RAMB36E1                                     r  u_audio_buffer/mem_reg_6_4/DIADI[0]
  -------------------------------------------------------------------    -------------------

                         (clock sys_clk_pin rise edge)
                                                      0.000     0.000 r  
    E3                                                0.000     0.000 r  CLK100MHZ (IN)
                         net (fo=0)                   0.000     0.000    CLK100MHZ
    E3                   IBUF (Prop_ibuf_I_O)         0.438     0.438 r  CLK100MHZ_IBUF_inst/O
                         net (fo=1, routed)           0.699     1.136    CLK100MHZ_IBUF
    BUFGCTRL_X0Y16       BUFG (Prop_bufg_I_O)         0.029     1.165 r  CLK100MHZ_IBUF_BUFG_inst/O
                         net (fo=290, routed)         0.905     2.070    u_audio_buffer/CLK100MHZ_IBUF_BUFG
    RAMB36_X3Y22         RAMB36E1                                     r  u_audio_buffer/mem_reg_6_4/CLKARDCLK
                         clock pessimism             -0.245     1.825    
    RAMB36_X3Y22         RAMB36E1 (Hold_ramb36e1_CLKARDCLK_DIADI[0])
                                                      0.155     1.980    u_audio_buffer/mem_reg_6_4
  -------------------------------------------------------------------
                         required time                         -1.980    
                         arrival time                           2.160    
  -------------------------------------------------------------------
                         slack                                  0.180    

Slack (MET) :             0.181ns  (arrival time - required time)
  Source:                 u_pdm_decoder/mclk_cnt_reg[0]/C
                            (rising edge-triggered cell FDRE clocked by sys_clk_pin  {rise@0.000ns fall@5.000ns period=10.000ns})
  Destination:            u_pdm_decoder/mclk_cnt_reg[4]/D
                            (rising edge-triggered cell FDRE clocked by sys_clk_pin  {rise@0.000ns fall@5.000ns period=10.000ns})
  Path Group:             sys_clk_pin
  Path Type:              Hold (Min at Fast Process Corner)
  Requirement:            0.000ns  (sys_clk_pin rise@0.000ns - sys_clk_pin rise@0.000ns)
  Data Path Delay:        0.325ns  (logic 0.189ns (58.240%)  route 0.136ns (41.760%))
  Logic Levels:           1  (LUT5=1)
  Clock Path Skew:        0.013ns (DCD - SCD - CPR)
    Destination Clock Delay (DCD):    2.036ns
    Source Clock Delay      (SCD):    1.517ns
    Clock Pessimism Removal (CPR):    0.505ns

    Location             Delay type                Incr(ns)  Path(ns)    Netlist Resource(s)
  -------------------------------------------------------------------    -------------------
                         (clock sys_clk_pin rise edge)
                                                      0.000     0.000 r  
    E3                                                0.000     0.000 r  CLK100MHZ (IN)
                         net (fo=0)                   0.000     0.000    CLK100MHZ
    E3                   IBUF (Prop_ibuf_I_O)         0.250     0.250 r  CLK100MHZ_IBUF_inst/O
                         net (fo=1, routed)           0.644     0.894    CLK100MHZ_IBUF
    BUFGCTRL_X0Y16       BUFG (Prop_bufg_I_O)         0.026     0.920 r  CLK100MHZ_IBUF_BUFG_inst/O
                         net (fo=290, routed)         0.598     1.517    u_pdm_decoder/CLK100MHZ_IBUF_BUFG
    SLICE_X77Y99         FDRE                                         r  u_pdm_decoder/mclk_cnt_reg[0]/C
  -------------------------------------------------------------------    -------------------
    SLICE_X77Y99         FDRE (Prop_fdre_C_Q)         0.141     1.658 r  u_pdm_decoder/mclk_cnt_reg[0]/Q
                         net (fo=8, routed)           0.136     1.794    u_pdm_decoder/mclk_cnt_reg[0]
    SLICE_X76Y99         LUT5 (Prop_lut5_I3_O)        0.048     1.842 r  u_pdm_decoder/mclk_cnt[4]_i_1/O
                         net (fo=1, routed)           0.000     1.842    u_pdm_decoder/mclk_cnt[4]_i_1_n_0
    SLICE_X76Y99         FDRE                                         r  u_pdm_decoder/mclk_cnt_reg[4]/D
  -------------------------------------------------------------------    -------------------

                         (clock sys_clk_pin rise edge)
                                                      0.000     0.000 r  
    E3                                                0.000     0.000 r  CLK100MHZ (IN)
                         net (fo=0)                   0.000     0.000    CLK100MHZ
    E3                   IBUF (Prop_ibuf_I_O)         0.438     0.438 r  CLK100MHZ_IBUF_inst/O
                         net (fo=1, routed)           0.699     1.136    CLK100MHZ_IBUF
    BUFGCTRL_X0Y16       BUFG (Prop_bufg_I_O)         0.029     1.165 r  CLK100MHZ_IBUF_BUFG_inst/O
                         net (fo=290, routed)         0.871     2.036    u_pdm_decoder/CLK100MHZ_IBUF_BUFG
    SLICE_X76Y99         FDRE                                         r  u_pdm_decoder/mclk_cnt_reg[4]/C
                         clock pessimism             -0.505     1.530    
    SLICE_X76Y99         FDRE (Hold_fdre_C_D)         0.131     1.661    u_pdm_decoder/mclk_cnt_reg[4]
  -------------------------------------------------------------------
                         required time                         -1.661    
                         arrival time                           1.842    
  -------------------------------------------------------------------
                         slack                                  0.181    

Slack (MET) :             0.183ns  (arrival time - required time)
  Source:                 u_uart_tx/div_cnt_reg[4]/C
                            (rising edge-triggered cell FDRE clocked by sys_clk_pin  {rise@0.000ns fall@5.000ns period=10.000ns})
  Destination:            u_uart_tx/div_cnt_reg[6]/D
                            (rising edge-triggered cell FDRE clocked by sys_clk_pin  {rise@0.000ns fall@5.000ns period=10.000ns})
  Path Group:             sys_clk_pin
  Path Type:              Hold (Min at Fast Process Corner)
  Requirement:            0.000ns  (sys_clk_pin rise@0.000ns - sys_clk_pin rise@0.000ns)
  Data Path Delay:        0.288ns  (logic 0.186ns (64.606%)  route 0.102ns (35.394%))
  Logic Levels:           1  (LUT6=1)
  Clock Path Skew:        0.013ns (DCD - SCD - CPR)
    Destination Clock Delay (DCD):    2.005ns
    Source Clock Delay      (SCD):    1.487ns
    Clock Pessimism Removal (CPR):    0.504ns

    Location             Delay type                Incr(ns)  Path(ns)    Netlist Resource(s)
  -------------------------------------------------------------------    -------------------
                         (clock sys_clk_pin rise edge)
                                                      0.000     0.000 r  
    E3                                                0.000     0.000 r  CLK100MHZ (IN)
                         net (fo=0)                   0.000     0.000    CLK100MHZ
    E3                   IBUF (Prop_ibuf_I_O)         0.250     0.250 r  CLK100MHZ_IBUF_inst/O
                         net (fo=1, routed)           0.644     0.894    CLK100MHZ_IBUF
    BUFGCTRL_X0Y16       BUFG (Prop_bufg_I_O)         0.026     0.920 r  CLK100MHZ_IBUF_BUFG_inst/O
                         net (fo=290, routed)         0.568     1.487    u_uart_tx/CLK100MHZ_IBUF_BUFG
    SLICE_X69Y96         FDRE                                         r  u_uart_tx/div_cnt_reg[4]/C
  -------------------------------------------------------------------    -------------------
    SLICE_X69Y96         FDRE (Prop_fdre_C_Q)         0.141     1.628 r  u_uart_tx/div_cnt_reg[4]/Q
                         net (fo=5, routed)           0.102     1.730    u_uart_tx/div_cnt_reg_n_0_[4]
    SLICE_X68Y96         LUT6 (Prop_lut6_I2_O)        0.045     1.775 r  u_uart_tx/div_cnt[6]_i_1/O
                         net (fo=1, routed)           0.000     1.775    u_uart_tx/div_cnt[6]
    SLICE_X68Y96         FDRE                                         r  u_uart_tx/div_cnt_reg[6]/D
  -------------------------------------------------------------------    -------------------

                         (clock sys_clk_pin rise edge)
                                                      0.000     0.000 r  
    E3                                                0.000     0.000 r  CLK100MHZ (IN)
                         net (fo=0)                   0.000     0.000    CLK100MHZ
    E3                   IBUF (Prop_ibuf_I_O)         0.438     0.438 r  CLK100MHZ_IBUF_inst/O
                         net (fo=1, routed)           0.699     1.136    CLK100MHZ_IBUF
    BUFGCTRL_X0Y16       BUFG (Prop_bufg_I_O)         0.029     1.165 r  CLK100MHZ_IBUF_BUFG_inst/O
                         net (fo=290, routed)         0.840     2.005    u_uart_tx/CLK100MHZ_IBUF_BUFG
    SLICE_X68Y96         FDRE                                         r  u_uart_tx/div_cnt_reg[6]/C
                         clock pessimism             -0.504     1.500    
    SLICE_X68Y96         FDRE (Hold_fdre_C_D)         0.092     1.592    u_uart_tx/div_cnt_reg[6]
  -------------------------------------------------------------------
                         required time                         -1.592    
                         arrival time                           1.775    
  -------------------------------------------------------------------
                         slack                                  0.183    

Slack (MET) :             0.184ns  (arrival time - required time)
  Source:                 u_pdm_decoder/ones_cnt_reg[0]/C
                            (rising edge-triggered cell FDRE clocked by sys_clk_pin  {rise@0.000ns fall@5.000ns period=10.000ns})
  Destination:            u_pdm_decoder/pcm_sample_reg[2]/D
                            (rising edge-triggered cell FDRE clocked by sys_clk_pin  {rise@0.000ns fall@5.000ns period=10.000ns})
  Path Group:             sys_clk_pin
  Path Type:              Hold (Min at Fast Process Corner)
  Requirement:            0.000ns  (sys_clk_pin rise@0.000ns - sys_clk_pin rise@0.000ns)
  Data Path Delay:        0.298ns  (logic 0.189ns (63.440%)  route 0.109ns (36.560%))
  Logic Levels:           1  (LUT4=1)
  Clock Path Skew:        0.013ns (DCD - SCD - CPR)
    Destination Clock Delay (DCD):    2.033ns
    Source Clock Delay      (SCD):    1.515ns
    Clock Pessimism Removal (CPR):    0.504ns

    Location             Delay type                Incr(ns)  Path(ns)    Netlist Resource(s)
  -------------------------------------------------------------------    -------------------
                         (clock sys_clk_pin rise edge)
                                                      0.000     0.000 r  
    E3                                                0.000     0.000 r  CLK100MHZ (IN)
                         net (fo=0)                   0.000     0.000    CLK100MHZ
    E3                   IBUF (Prop_ibuf_I_O)         0.250     0.250 r  CLK100MHZ_IBUF_inst/O
                         net (fo=1, routed)           0.644     0.894    CLK100MHZ_IBUF
    BUFGCTRL_X0Y16       BUFG (Prop_bufg_I_O)         0.026     0.920 r  CLK100MHZ_IBUF_BUFG_inst/O
                         net (fo=290, routed)         0.596     1.515    u_pdm_decoder/CLK100MHZ_IBUF_BUFG
    SLICE_X72Y97         FDRE                                         r  u_pdm_decoder/ones_cnt_reg[0]/C
  -------------------------------------------------------------------    -------------------
    SLICE_X72Y97         FDRE (Prop_fdre_C_Q)         0.141     1.656 r  u_pdm_decoder/ones_cnt_reg[0]/Q
                         net (fo=6, routed)           0.109     1.765    u_pdm_decoder/ones_cnt_reg[0]
    SLICE_X73Y97         LUT4 (Prop_lut4_I2_O)        0.048     1.813 r  u_pdm_decoder/pcm_sample[2]_i_1/O
                         net (fo=2, routed)           0.000     1.813    u_pdm_decoder/pcm_sample[2]_i_1_n_0
    SLICE_X73Y97         FDRE                                         r  u_pdm_decoder/pcm_sample_reg[2]/D
  -------------------------------------------------------------------    -------------------

                         (clock sys_clk_pin rise edge)
                                                      0.000     0.000 r  
    E3                                                0.000     0.000 r  CLK100MHZ (IN)
                         net (fo=0)                   0.000     0.000    CLK100MHZ
    E3                   IBUF (Prop_ibuf_I_O)         0.438     0.438 r  CLK100MHZ_IBUF_inst/O
                         net (fo=1, routed)           0.699     1.136    CLK100MHZ_IBUF
    BUFGCTRL_X0Y16       BUFG (Prop_bufg_I_O)         0.029     1.165 r  CLK100MHZ_IBUF_BUFG_inst/O
                         net (fo=290, routed)         0.868     2.033    u_pdm_decoder/CLK100MHZ_IBUF_BUFG
    SLICE_X73Y97         FDRE                                         r  u_pdm_decoder/pcm_sample_reg[2]/C
                         clock pessimism             -0.504     1.528    
    SLICE_X73Y97         FDRE (Hold_fdre_C_D)         0.101     1.629    u_pdm_decoder/pcm_sample_reg[2]
  -------------------------------------------------------------------
                         required time                         -1.629    
                         arrival time                           1.813    
  -------------------------------------------------------------------
                         slack                                  0.184    

Slack (MET) :             0.184ns  (arrival time - required time)
  Source:                 sw_0_meta_reg/C
                            (rising edge-triggered cell FDRE clocked by sys_clk_pin  {rise@0.000ns fall@5.000ns period=10.000ns})
  Destination:            sw_0_sync_reg/D
                            (rising edge-triggered cell FDRE clocked by sys_clk_pin  {rise@0.000ns fall@5.000ns period=10.000ns})
  Path Group:             sys_clk_pin
  Path Type:              Hold (Min at Fast Process Corner)
  Requirement:            0.000ns  (sys_clk_pin rise@0.000ns - sys_clk_pin rise@0.000ns)
  Data Path Delay:        0.257ns  (logic 0.141ns (54.828%)  route 0.116ns (45.172%))
  Logic Levels:           0  
  Clock Path Skew:        0.013ns (DCD - SCD - CPR)
    Destination Clock Delay (DCD):    2.006ns
    Source Clock Delay      (SCD):    1.488ns
    Clock Pessimism Removal (CPR):    0.504ns

    Location             Delay type                Incr(ns)  Path(ns)    Netlist Resource(s)
  -------------------------------------------------------------------    -------------------
                         (clock sys_clk_pin rise edge)
                                                      0.000     0.000 r  
    E3                                                0.000     0.000 r  CLK100MHZ (IN)
                         net (fo=0)                   0.000     0.000    CLK100MHZ
    E3                   IBUF (Prop_ibuf_I_O)         0.250     0.250 r  CLK100MHZ_IBUF_inst/O
                         net (fo=1, routed)           0.644     0.894    CLK100MHZ_IBUF
    BUFGCTRL_X0Y16       BUFG (Prop_bufg_I_O)         0.026     0.920 r  CLK100MHZ_IBUF_BUFG_inst/O
                         net (fo=290, routed)         0.569     1.488    CLK100MHZ_IBUF_BUFG
    SLICE_X67Y97         FDRE                                         r  sw_0_meta_reg/C
  -------------------------------------------------------------------    -------------------
    SLICE_X67Y97         FDRE (Prop_fdre_C_Q)         0.141     1.629 r  sw_0_meta_reg/Q
                         net (fo=1, routed)           0.116     1.745    sw_0_meta
    SLICE_X66Y97         FDRE                                         r  sw_0_sync_reg/D
  -------------------------------------------------------------------    -------------------

                         (clock sys_clk_pin rise edge)
                                                      0.000     0.000 r  
    E3                                                0.000     0.000 r  CLK100MHZ (IN)
                         net (fo=0)                   0.000     0.000    CLK100MHZ
    E3                   IBUF (Prop_ibuf_I_O)         0.438     0.438 r  CLK100MHZ_IBUF_inst/O
                         net (fo=1, routed)           0.699     1.136    CLK100MHZ_IBUF
    BUFGCTRL_X0Y16       BUFG (Prop_bufg_I_O)         0.029     1.165 r  CLK100MHZ_IBUF_BUFG_inst/O
                         net (fo=290, routed)         0.841     2.006    CLK100MHZ_IBUF_BUFG
    SLICE_X66Y97         FDRE                                         r  sw_0_sync_reg/C
                         clock pessimism             -0.504     1.501    
    SLICE_X66Y97         FDRE (Hold_fdre_C_D)         0.060     1.561    sw_0_sync_reg
  -------------------------------------------------------------------
                         required time                         -1.561    
                         arrival time                           1.745    
  -------------------------------------------------------------------
                         slack                                  0.184    

Slack (MET) :             0.188ns  (arrival time - required time)
  Source:                 u_pdm_decoder/mclk_cnt_reg[0]/C
                            (rising edge-triggered cell FDRE clocked by sys_clk_pin  {rise@0.000ns fall@5.000ns period=10.000ns})
  Destination:            u_pdm_decoder/mclk_cnt_reg[3]/D
                            (rising edge-triggered cell FDRE clocked by sys_clk_pin  {rise@0.000ns fall@5.000ns period=10.000ns})
  Path Group:             sys_clk_pin
  Path Type:              Hold (Min at Fast Process Corner)
  Requirement:            0.000ns  (sys_clk_pin rise@0.000ns - sys_clk_pin rise@0.000ns)
  Data Path Delay:        0.322ns  (logic 0.186ns (57.850%)  route 0.136ns (42.150%))
  Logic Levels:           1  (LUT4=1)
  Clock Path Skew:        0.013ns (DCD - SCD - CPR)
    Destination Clock Delay (DCD):    2.036ns
    Source Clock Delay      (SCD):    1.517ns
    Clock Pessimism Removal (CPR):    0.505ns

    Location             Delay type                Incr(ns)  Path(ns)    Netlist Resource(s)
  -------------------------------------------------------------------    -------------------
                         (clock sys_clk_pin rise edge)
                                                      0.000     0.000 r  
    E3                                                0.000     0.000 r  CLK100MHZ (IN)
                         net (fo=0)                   0.000     0.000    CLK100MHZ
    E3                   IBUF (Prop_ibuf_I_O)         0.250     0.250 r  CLK100MHZ_IBUF_inst/O
                         net (fo=1, routed)           0.644     0.894    CLK100MHZ_IBUF
    BUFGCTRL_X0Y16       BUFG (Prop_bufg_I_O)         0.026     0.920 r  CLK100MHZ_IBUF_BUFG_inst/O
                         net (fo=290, routed)         0.598     1.517    u_pdm_decoder/CLK100MHZ_IBUF_BUFG
    SLICE_X77Y99         FDRE                                         r  u_pdm_decoder/mclk_cnt_reg[0]/C
  -------------------------------------------------------------------    -------------------
    SLICE_X77Y99         FDRE (Prop_fdre_C_Q)         0.141     1.658 r  u_pdm_decoder/mclk_cnt_reg[0]/Q
                         net (fo=8, routed)           0.136     1.794    u_pdm_decoder/mclk_cnt_reg[0]
    SLICE_X76Y99         LUT4 (Prop_lut4_I1_O)        0.045     1.839 r  u_pdm_decoder/mclk_cnt[3]_i_1/O
                         net (fo=1, routed)           0.000     1.839    u_pdm_decoder/mclk_cnt[3]_i_1_n_0
    SLICE_X76Y99         FDRE                                         r  u_pdm_decoder/mclk_cnt_reg[3]/D
  -------------------------------------------------------------------    -------------------

                         (clock sys_clk_pin rise edge)
                                                      0.000     0.000 r  
    E3                                                0.000     0.000 r  CLK100MHZ (IN)
                         net (fo=0)                   0.000     0.000    CLK100MHZ
    E3                   IBUF (Prop_ibuf_I_O)         0.438     0.438 r  CLK100MHZ_IBUF_inst/O
                         net (fo=1, routed)           0.699     1.136    CLK100MHZ_IBUF
    BUFGCTRL_X0Y16       BUFG (Prop_bufg_I_O)         0.029     1.165 r  CLK100MHZ_IBUF_BUFG_inst/O
                         net (fo=290, routed)         0.871     2.036    u_pdm_decoder/CLK100MHZ_IBUF_BUFG
    SLICE_X76Y99         FDRE                                         r  u_pdm_decoder/mclk_cnt_reg[3]/C
                         clock pessimism             -0.505     1.530    
    SLICE_X76Y99         FDRE (Hold_fdre_C_D)         0.121     1.651    u_pdm_decoder/mclk_cnt_reg[3]
  -------------------------------------------------------------------
                         required time                         -1.651    
                         arrival time                           1.839    
  -------------------------------------------------------------------
                         slack                                  0.188    

Slack (MET) :             0.190ns  (arrival time - required time)
  Source:                 u_uart_tx/div_cnt_reg[0]/C
                            (rising edge-triggered cell FDRE clocked by sys_clk_pin  {rise@0.000ns fall@5.000ns period=10.000ns})
  Destination:            u_uart_tx/div_cnt_reg[3]/D
                            (rising edge-triggered cell FDRE clocked by sys_clk_pin  {rise@0.000ns fall@5.000ns period=10.000ns})
  Path Group:             sys_clk_pin
  Path Type:              Hold (Min at Fast Process Corner)
  Requirement:            0.000ns  (sys_clk_pin rise@0.000ns - sys_clk_pin rise@0.000ns)
  Data Path Delay:        0.310ns  (logic 0.189ns (60.884%)  route 0.121ns (39.116%))
  Logic Levels:           1  (LUT5=1)
  Clock Path Skew:        0.013ns (DCD - SCD - CPR)
    Destination Clock Delay (DCD):    2.005ns
    Source Clock Delay      (SCD):    1.487ns
    Clock Pessimism Removal (CPR):    0.504ns

    Location             Delay type                Incr(ns)  Path(ns)    Netlist Resource(s)
  -------------------------------------------------------------------    -------------------
                         (clock sys_clk_pin rise edge)
                                                      0.000     0.000 r  
    E3                                                0.000     0.000 r  CLK100MHZ (IN)
                         net (fo=0)                   0.000     0.000    CLK100MHZ
    E3                   IBUF (Prop_ibuf_I_O)         0.250     0.250 r  CLK100MHZ_IBUF_inst/O
                         net (fo=1, routed)           0.644     0.894    CLK100MHZ_IBUF
    BUFGCTRL_X0Y16       BUFG (Prop_bufg_I_O)         0.026     0.920 r  CLK100MHZ_IBUF_BUFG_inst/O
                         net (fo=290, routed)         0.568     1.487    u_uart_tx/CLK100MHZ_IBUF_BUFG
    SLICE_X68Y96         FDRE                                         r  u_uart_tx/div_cnt_reg[0]/C
  -------------------------------------------------------------------    -------------------
    SLICE_X68Y96         FDRE (Prop_fdre_C_Q)         0.141     1.628 r  u_uart_tx/div_cnt_reg[0]/Q
                         net (fo=7, routed)           0.121     1.750    u_uart_tx/div_cnt_reg_n_0_[0]
    SLICE_X69Y96         LUT5 (Prop_lut5_I4_O)        0.048     1.798 r  u_uart_tx/div_cnt[3]_i_1/O
                         net (fo=1, routed)           0.000     1.798    u_uart_tx/div_cnt[3]
    SLICE_X69Y96         FDRE                                         r  u_uart_tx/div_cnt_reg[3]/D
  -------------------------------------------------------------------    -------------------

                         (clock sys_clk_pin rise edge)
                                                      0.000     0.000 r  
    E3                                                0.000     0.000 r  CLK100MHZ (IN)
                         net (fo=0)                   0.000     0.000    CLK100MHZ
    E3                   IBUF (Prop_ibuf_I_O)         0.438     0.438 r  CLK100MHZ_IBUF_inst/O
                         net (fo=1, routed)           0.699     1.136    CLK100MHZ_IBUF
    BUFGCTRL_X0Y16       BUFG (Prop_bufg_I_O)         0.029     1.165 r  CLK100MHZ_IBUF_BUFG_inst/O
                         net (fo=290, routed)         0.840     2.005    u_uart_tx/CLK100MHZ_IBUF_BUFG
    SLICE_X69Y96         FDRE                                         r  u_uart_tx/div_cnt_reg[3]/C
                         clock pessimism             -0.504     1.500    
    SLICE_X69Y96         FDRE (Hold_fdre_C_D)         0.107     1.607    u_uart_tx/div_cnt_reg[3]
  -------------------------------------------------------------------
                         required time                         -1.607    
                         arrival time                           1.798    
  -------------------------------------------------------------------
                         slack                                  0.190    





Pulse Width Checks
--------------------------------------------------------------------------------------
Clock Name:         sys_clk_pin
Waveform(ns):       { 0.000 5.000 }
Period(ns):         10.000
Sources:            { CLK100MHZ }

Check Type        Corner  Lib Pin             Reference Pin  Required(ns)  Actual(ns)  Slack(ns)  Location      Pin
Min Period        n/a     RAMB36E1/CLKARDCLK  n/a            2.892         10.000      7.108      RAMB36_X3Y10  u_audio_buffer/mem_reg_0_0/CLKARDCLK
Min Period        n/a     RAMB36E1/CLKARDCLK  n/a            2.892         10.000      7.108      RAMB36_X1Y10  u_audio_buffer/mem_reg_0_1/CLKARDCLK
Min Period        n/a     RAMB36E1/CLKARDCLK  n/a            2.892         10.000      7.108      RAMB36_X1Y12  u_audio_buffer/mem_reg_0_2/CLKARDCLK
Min Period        n/a     RAMB36E1/CLKARDCLK  n/a            2.892         10.000      7.108      RAMB36_X2Y24  u_audio_buffer/mem_reg_0_3/CLKARDCLK
Min Period        n/a     RAMB36E1/CLKARDCLK  n/a            2.892         10.000      7.108      RAMB36_X1Y28  u_audio_buffer/mem_reg_0_4/CLKARDCLK
Min Period        n/a     RAMB36E1/CLKARDCLK  n/a            2.892         10.000      7.108      RAMB36_X2Y26  u_audio_buffer/mem_reg_0_5/CLKARDCLK
Min Period        n/a     RAMB36E1/CLKARDCLK  n/a            2.892         10.000      7.108      RAMB36_X1Y16  u_audio_buffer/mem_reg_0_6/CLKARDCLK
Min Period        n/a     RAMB36E1/CLKARDCLK  n/a            2.892         10.000      7.108      RAMB36_X1Y18  u_audio_buffer/mem_reg_0_7/CLKARDCLK
Min Period        n/a     RAMB36E1/CLKARDCLK  n/a            2.892         10.000      7.108      RAMB36_X3Y11  u_audio_buffer/mem_reg_1_0/CLKARDCLK
Min Period        n/a     RAMB36E1/CLKARDCLK  n/a            2.892         10.000      7.108      RAMB36_X1Y11  u_audio_buffer/mem_reg_1_1/CLKARDCLK
Low Pulse Width   Slow    FDRE/C              n/a            0.500         5.000       4.500      SLICE_X69Y90  FSM_sequential_state_reg[0]/C
Low Pulse Width   Fast    FDRE/C              n/a            0.500         5.000       4.500      SLICE_X69Y90  FSM_sequential_state_reg[0]/C
Low Pulse Width   Slow    FDRE/C              n/a            0.500         5.000       4.500      SLICE_X69Y90  FSM_sequential_state_reg[1]/C
Low Pulse Width   Fast    FDRE/C              n/a            0.500         5.000       4.500      SLICE_X69Y90  FSM_sequential_state_reg[1]/C
Low Pulse Width   Slow    FDRE/C              n/a            0.500         5.000       4.500      SLICE_X70Y84  play_count_reg[0]/C
Low Pulse Width   Fast    FDRE/C              n/a            0.500         5.000       4.500      SLICE_X70Y84  play_count_reg[0]/C
Low Pulse Width   Slow    FDRE/C              n/a            0.500         5.000       4.500      SLICE_X70Y86  play_count_reg[10]/C
Low Pulse Width   Fast    FDRE/C              n/a            0.500         5.000       4.500      SLICE_X70Y86  play_count_reg[10]/C
Low Pulse Width   Slow    FDRE/C              n/a            0.500         5.000       4.500      SLICE_X70Y86  play_count_reg[11]/C
Low Pulse Width   Fast    FDRE/C              n/a            0.500         5.000       4.500      SLICE_X70Y86  play_count_reg[11]/C
High Pulse Width  Slow    FDRE/C              n/a            0.500         5.000       4.500      SLICE_X69Y90  FSM_sequential_state_reg[0]/C
High Pulse Width  Fast    FDRE/C              n/a            0.500         5.000       4.500      SLICE_X69Y90  FSM_sequential_state_reg[0]/C
High Pulse Width  Slow    FDRE/C              n/a            0.500         5.000       4.500      SLICE_X69Y90  FSM_sequential_state_reg[1]/C
High Pulse Width  Fast    FDRE/C              n/a            0.500         5.000       4.500      SLICE_X69Y90  FSM_sequential_state_reg[1]/C
High Pulse Width  Slow    FDRE/C              n/a            0.500         5.000       4.500      SLICE_X70Y84  play_count_reg[0]/C
High Pulse Width  Fast    FDRE/C              n/a            0.500         5.000       4.500      SLICE_X70Y84  play_count_reg[0]/C
High Pulse Width  Slow    FDRE/C              n/a            0.500         5.000       4.500      SLICE_X70Y86  play_count_reg[10]/C
High Pulse Width  Fast    FDRE/C              n/a            0.500         5.000       4.500      SLICE_X70Y86  play_count_reg[10]/C
High Pulse Width  Slow    FDRE/C              n/a            0.500         5.000       4.500      SLICE_X70Y86  play_count_reg[11]/C
High Pulse Width  Fast    FDRE/C              n/a            0.500         5.000       4.500      SLICE_X70Y86  play_count_reg[11]/C



--------------------------------------------------------------------------------------
Path Group:  (none)
From Clock:  sys_clk_pin
  To Clock:  

Max Delay            20 Endpoints
Min Delay            20 Endpoints
--------------------------------------------------------------------------------------


Max Delay Paths
--------------------------------------------------------------------------------------
Slack:                    inf
  Source:                 u_audio_buffer/mem_reg_4_0/CLKARDCLK
                            (rising edge-triggered cell RAMB36E1 clocked by sys_clk_pin  {rise@0.000ns fall@5.000ns period=10.000ns})
  Destination:            LED[10]
                            (output port)
  Path Group:             (none)
  Path Type:              Max at Slow Process Corner
  Data Path Delay:        17.445ns  (logic 7.345ns (42.106%)  route 10.100ns (57.894%))
  Logic Levels:           6  (LUT5=1 LUT6=3 OBUF=1 RAMB36E1=1)
  Clock Uncertainty:      0.025ns  ((TSJ^2 + TIJ^2)^1/2 + DJ) / 2 + PE
    Total System Jitter     (TSJ):    0.050ns
    Total Input Jitter      (TIJ):    0.000ns
    Discrete Jitter          (DJ):    0.000ns
    Phase Error              (PE):    0.000ns

    Location             Delay type                Incr(ns)  Path(ns)    Netlist Resource(s)
  -------------------------------------------------------------------    -------------------
                         (clock sys_clk_pin rise edge)
                                                      0.000     0.000 r  
    E3                                                0.000     0.000 r  CLK100MHZ (IN)
                         net (fo=0)                   0.000     0.000    CLK100MHZ
    E3                   IBUF (Prop_ibuf_I_O)         1.482     1.482 r  CLK100MHZ_IBUF_inst/O
                         net (fo=1, routed)           2.025     3.506    CLK100MHZ_IBUF
    BUFGCTRL_X0Y16       BUFG (Prop_bufg_I_O)         0.096     3.602 r  CLK100MHZ_IBUF_BUFG_inst/O
                         net (fo=290, routed)         1.890     5.492    u_audio_buffer/CLK100MHZ_IBUF_BUFG
    RAMB36_X2Y6          RAMB36E1                                     r  u_audio_buffer/mem_reg_4_0/CLKARDCLK
  -------------------------------------------------------------------    -------------------
    RAMB36_X2Y6          RAMB36E1 (Prop_ramb36e1_CLKARDCLK_CASCADEOUTA)
                                                      2.872     8.364 r  u_audio_buffer/mem_reg_4_0/CASCADEOUTA
                         net (fo=1, routed)           0.065     8.429    u_audio_buffer/mem_reg_4_0_n_0
    RAMB36_X2Y7          RAMB36E1 (Prop_ramb36e1_CASCADEINA_DOADO[0])
                                                      0.425     8.854 f  u_audio_buffer/mem_reg_5_0/DOADO[0]
                         net (fo=1, routed)           1.707    10.561    u_audio_buffer/mem_reg_5_0_n_35
    SLICE_X64Y55         LUT6 (Prop_lut6_I1_O)        0.124    10.685 f  u_audio_buffer/send_byte_data[0]_i_1/O
                         net (fo=4, routed)           1.947    12.632    u_audio_buffer/buf_dout[0]
    SLICE_X64Y94         LUT6 (Prop_lut6_I2_O)        0.124    12.756 r  u_audio_buffer/LED_OBUF[14]_inst_i_6/O
                         net (fo=8, routed)           1.250    14.006    u_pdm_decoder/LED_OBUF[14]_inst_i_1_1
    SLICE_X60Y95         LUT6 (Prop_lut6_I3_O)        0.124    14.130 f  u_pdm_decoder/LED_OBUF[12]_inst_i_4/O
                         net (fo=6, routed)           0.942    15.073    u_pdm_decoder/pcm_sample_reg[6]_0
    SLICE_X59Y93         LUT5 (Prop_lut5_I0_O)        0.124    15.197 r  u_pdm_decoder/LED_OBUF[10]_inst_i_1/O
                         net (fo=1, routed)           4.188    19.385    LED_OBUF[10]
    U14                  OBUF (Prop_obuf_I_O)         3.552    22.937 r  LED_OBUF[10]_inst/O
                         net (fo=0)                   0.000    22.937    LED[10]
    U14                                                               r  LED[10] (OUT)
  -------------------------------------------------------------------    -------------------

Slack:                    inf
  Source:                 u_audio_buffer/mem_reg_4_0/CLKARDCLK
                            (rising edge-triggered cell RAMB36E1 clocked by sys_clk_pin  {rise@0.000ns fall@5.000ns period=10.000ns})
  Destination:            LED[7]
                            (output port)
  Path Group:             (none)
  Path Type:              Max at Slow Process Corner
  Data Path Delay:        17.342ns  (logic 7.348ns (42.372%)  route 9.994ns (57.628%))
  Logic Levels:           6  (LUT4=1 LUT6=3 OBUF=1 RAMB36E1=1)
  Clock Uncertainty:      0.025ns  ((TSJ^2 + TIJ^2)^1/2 + DJ) / 2 + PE
    Total System Jitter     (TSJ):    0.050ns
    Total Input Jitter      (TIJ):    0.000ns
    Discrete Jitter          (DJ):    0.000ns
    Phase Error              (PE):    0.000ns

    Location             Delay type                Incr(ns)  Path(ns)    Netlist Resource(s)
  -------------------------------------------------------------------    -------------------
                         (clock sys_clk_pin rise edge)
                                                      0.000     0.000 r  
    E3                                                0.000     0.000 r  CLK100MHZ (IN)
                         net (fo=0)                   0.000     0.000    CLK100MHZ
    E3                   IBUF (Prop_ibuf_I_O)         1.482     1.482 r  CLK100MHZ_IBUF_inst/O
                         net (fo=1, routed)           2.025     3.506    CLK100MHZ_IBUF
    BUFGCTRL_X0Y16       BUFG (Prop_bufg_I_O)         0.096     3.602 r  CLK100MHZ_IBUF_BUFG_inst/O
                         net (fo=290, routed)         1.890     5.492    u_audio_buffer/CLK100MHZ_IBUF_BUFG
    RAMB36_X2Y6          RAMB36E1                                     r  u_audio_buffer/mem_reg_4_0/CLKARDCLK
  -------------------------------------------------------------------    -------------------
    RAMB36_X2Y6          RAMB36E1 (Prop_ramb36e1_CLKARDCLK_CASCADEOUTA)
                                                      2.872     8.364 r  u_audio_buffer/mem_reg_4_0/CASCADEOUTA
                         net (fo=1, routed)           0.065     8.429    u_audio_buffer/mem_reg_4_0_n_0
    RAMB36_X2Y7          RAMB36E1 (Prop_ramb36e1_CASCADEINA_DOADO[0])
                                                      0.425     8.854 r  u_audio_buffer/mem_reg_5_0/DOADO[0]
                         net (fo=1, routed)           1.707    10.561    u_audio_buffer/mem_reg_5_0_n_35
    SLICE_X64Y55         LUT6 (Prop_lut6_I1_O)        0.124    10.685 r  u_audio_buffer/send_byte_data[0]_i_1/O
                         net (fo=4, routed)           1.947    12.632    u_audio_buffer/buf_dout[0]
    SLICE_X64Y94         LUT6 (Prop_lut6_I2_O)        0.124    12.756 f  u_audio_buffer/LED_OBUF[14]_inst_i_6/O
                         net (fo=8, routed)           1.435    14.191    u_audio_buffer/pcm_sample_reg[2]
    SLICE_X61Y94         LUT6 (Prop_lut6_I5_O)        0.124    14.315 r  u_audio_buffer/LED_OBUF[11]_inst_i_2/O
                         net (fo=3, routed)           0.803    15.118    u_audio_buffer/FSM_sequential_state_reg[1]
    SLICE_X58Y94         LUT4 (Prop_lut4_I1_O)        0.124    15.242 r  u_audio_buffer/LED_OBUF[7]_inst_i_1/O
                         net (fo=1, routed)           4.037    19.279    LED_OBUF[7]
    U16                  OBUF (Prop_obuf_I_O)         3.555    22.834 r  LED_OBUF[7]_inst/O
                         net (fo=0)                   0.000    22.834    LED[7]
    U16                                                               r  LED[7] (OUT)
  -------------------------------------------------------------------    -------------------

Slack:                    inf
  Source:                 u_audio_buffer/mem_reg_4_0/CLKARDCLK
                            (rising edge-triggered cell RAMB36E1 clocked by sys_clk_pin  {rise@0.000ns fall@5.000ns period=10.000ns})
  Destination:            LED[11]
                            (output port)
  Path Group:             (none)
  Path Type:              Max at Slow Process Corner
  Data Path Delay:        17.329ns  (logic 7.550ns (43.572%)  route 9.778ns (56.428%))
  Logic Levels:           6  (LUT5=1 LUT6=3 OBUF=1 RAMB36E1=1)
  Clock Uncertainty:      0.025ns  ((TSJ^2 + TIJ^2)^1/2 + DJ) / 2 + PE
    Total System Jitter     (TSJ):    0.050ns
    Total Input Jitter      (TIJ):    0.000ns
    Discrete Jitter          (DJ):    0.000ns
    Phase Error              (PE):    0.000ns

    Location             Delay type                Incr(ns)  Path(ns)    Netlist Resource(s)
  -------------------------------------------------------------------    -------------------
                         (clock sys_clk_pin rise edge)
                                                      0.000     0.000 r  
    E3                                                0.000     0.000 r  CLK100MHZ (IN)
                         net (fo=0)                   0.000     0.000    CLK100MHZ
    E3                   IBUF (Prop_ibuf_I_O)         1.482     1.482 r  CLK100MHZ_IBUF_inst/O
                         net (fo=1, routed)           2.025     3.506    CLK100MHZ_IBUF
    BUFGCTRL_X0Y16       BUFG (Prop_bufg_I_O)         0.096     3.602 r  CLK100MHZ_IBUF_BUFG_inst/O
                         net (fo=290, routed)         1.890     5.492    u_audio_buffer/CLK100MHZ_IBUF_BUFG
    RAMB36_X2Y6          RAMB36E1                                     r  u_audio_buffer/mem_reg_4_0/CLKARDCLK
  -------------------------------------------------------------------    -------------------
    RAMB36_X2Y6          RAMB36E1 (Prop_ramb36e1_CLKARDCLK_CASCADEOUTA)
                                                      2.872     8.364 r  u_audio_buffer/mem_reg_4_0/CASCADEOUTA
                         net (fo=1, routed)           0.065     8.429    u_audio_buffer/mem_reg_4_0_n_0
    RAMB36_X2Y7          RAMB36E1 (Prop_ramb36e1_CASCADEINA_DOADO[0])
                                                      0.425     8.854 r  u_audio_buffer/mem_reg_5_0/DOADO[0]
                         net (fo=1, routed)           1.707    10.561    u_audio_buffer/mem_reg_5_0_n_35
    SLICE_X64Y55         LUT6 (Prop_lut6_I1_O)        0.124    10.685 r  u_audio_buffer/send_byte_data[0]_i_1/O
                         net (fo=4, routed)           1.947    12.632    u_audio_buffer/buf_dout[0]
    SLICE_X64Y94         LUT6 (Prop_lut6_I2_O)        0.124    12.756 f  u_audio_buffer/LED_OBUF[14]_inst_i_6/O
                         net (fo=8, routed)           1.435    14.191    u_audio_buffer/pcm_sample_reg[2]
    SLICE_X61Y94         LUT6 (Prop_lut6_I5_O)        0.124    14.315 r  u_audio_buffer/LED_OBUF[11]_inst_i_2/O
                         net (fo=3, routed)           0.803    15.118    u_pdm_decoder/LED[3]
    SLICE_X58Y94         LUT5 (Prop_lut5_I3_O)        0.146    15.264 r  u_pdm_decoder/LED_OBUF[11]_inst_i_1/O
                         net (fo=1, routed)           3.821    19.085    LED_OBUF[11]
    T16                  OBUF (Prop_obuf_I_O)         3.735    22.821 r  LED_OBUF[11]_inst/O
                         net (fo=0)                   0.000    22.821    LED[11]
    T16                                                               r  LED[11] (OUT)
  -------------------------------------------------------------------    -------------------

Slack:                    inf
  Source:                 u_audio_buffer/mem_reg_4_0/CLKARDCLK
                            (rising edge-triggered cell RAMB36E1 clocked by sys_clk_pin  {rise@0.000ns fall@5.000ns period=10.000ns})
  Destination:            LED[12]
                            (output port)
  Path Group:             (none)
  Path Type:              Max at Slow Process Corner
  Data Path Delay:        17.301ns  (logic 7.573ns (43.771%)  route 9.728ns (56.229%))
  Logic Levels:           6  (LUT5=1 LUT6=3 OBUF=1 RAMB36E1=1)
  Clock Uncertainty:      0.025ns  ((TSJ^2 + TIJ^2)^1/2 + DJ) / 2 + PE
    Total System Jitter     (TSJ):    0.050ns
    Total Input Jitter      (TIJ):    0.000ns
    Discrete Jitter          (DJ):    0.000ns
    Phase Error              (PE):    0.000ns

    Location             Delay type                Incr(ns)  Path(ns)    Netlist Resource(s)
  -------------------------------------------------------------------    -------------------
                         (clock sys_clk_pin rise edge)
                                                      0.000     0.000 r  
    E3                                                0.000     0.000 r  CLK100MHZ (IN)
                         net (fo=0)                   0.000     0.000    CLK100MHZ
    E3                   IBUF (Prop_ibuf_I_O)         1.482     1.482 r  CLK100MHZ_IBUF_inst/O
                         net (fo=1, routed)           2.025     3.506    CLK100MHZ_IBUF
    BUFGCTRL_X0Y16       BUFG (Prop_bufg_I_O)         0.096     3.602 r  CLK100MHZ_IBUF_BUFG_inst/O
                         net (fo=290, routed)         1.890     5.492    u_audio_buffer/CLK100MHZ_IBUF_BUFG
    RAMB36_X2Y6          RAMB36E1                                     r  u_audio_buffer/mem_reg_4_0/CLKARDCLK
  -------------------------------------------------------------------    -------------------
    RAMB36_X2Y6          RAMB36E1 (Prop_ramb36e1_CLKARDCLK_CASCADEOUTA)
                                                      2.872     8.364 r  u_audio_buffer/mem_reg_4_0/CASCADEOUTA
                         net (fo=1, routed)           0.065     8.429    u_audio_buffer/mem_reg_4_0_n_0
    RAMB36_X2Y7          RAMB36E1 (Prop_ramb36e1_CASCADEINA_DOADO[0])
                                                      0.425     8.854 f  u_audio_buffer/mem_reg_5_0/DOADO[0]
                         net (fo=1, routed)           1.707    10.561    u_audio_buffer/mem_reg_5_0_n_35
    SLICE_X64Y55         LUT6 (Prop_lut6_I1_O)        0.124    10.685 f  u_audio_buffer/send_byte_data[0]_i_1/O
                         net (fo=4, routed)           1.947    12.632    u_audio_buffer/buf_dout[0]
    SLICE_X64Y94         LUT6 (Prop_lut6_I2_O)        0.124    12.756 r  u_audio_buffer/LED_OBUF[14]_inst_i_6/O
                         net (fo=8, routed)           1.250    14.006    u_pdm_decoder/LED_OBUF[14]_inst_i_1_1
    SLICE_X60Y95         LUT6 (Prop_lut6_I3_O)        0.124    14.130 f  u_pdm_decoder/LED_OBUF[12]_inst_i_4/O
                         net (fo=6, routed)           0.937    15.068    u_pdm_decoder/pcm_sample_reg[6]_0
    SLICE_X59Y93         LUT5 (Prop_lut5_I4_O)        0.150    15.218 r  u_pdm_decoder/LED_OBUF[12]_inst_i_1/O
                         net (fo=1, routed)           3.821    19.039    LED_OBUF[12]
    V15                  OBUF (Prop_obuf_I_O)         3.754    22.793 r  LED_OBUF[12]_inst/O
                         net (fo=0)                   0.000    22.793    LED[12]
    V15                                                               r  LED[12] (OUT)
  -------------------------------------------------------------------    -------------------

Slack:                    inf
  Source:                 u_audio_buffer/mem_reg_4_0/CLKARDCLK
                            (rising edge-triggered cell RAMB36E1 clocked by sys_clk_pin  {rise@0.000ns fall@5.000ns period=10.000ns})
  Destination:            AUD_PWM
                            (output port)
  Path Group:             (none)
  Path Type:              Max at Slow Process Corner
  Data Path Delay:        17.123ns  (logic 7.880ns (46.023%)  route 9.242ns (53.977%))
  Logic Levels:           7  (CARRY4=2 LUT3=1 LUT4=1 LUT6=1 OBUFT=1 RAMB36E1=1)
  Clock Uncertainty:      0.025ns  ((TSJ^2 + TIJ^2)^1/2 + DJ) / 2 + PE
    Total System Jitter     (TSJ):    0.050ns
    Total Input Jitter      (TIJ):    0.000ns
    Discrete Jitter          (DJ):    0.000ns
    Phase Error              (PE):    0.000ns

    Location             Delay type                Incr(ns)  Path(ns)    Netlist Resource(s)
  -------------------------------------------------------------------    -------------------
                         (clock sys_clk_pin rise edge)
                                                      0.000     0.000 r  
    E3                                                0.000     0.000 r  CLK100MHZ (IN)
                         net (fo=0)                   0.000     0.000    CLK100MHZ
    E3                   IBUF (Prop_ibuf_I_O)         1.482     1.482 r  CLK100MHZ_IBUF_inst/O
                         net (fo=1, routed)           2.025     3.506    CLK100MHZ_IBUF
    BUFGCTRL_X0Y16       BUFG (Prop_bufg_I_O)         0.096     3.602 r  CLK100MHZ_IBUF_BUFG_inst/O
                         net (fo=290, routed)         1.890     5.492    u_audio_buffer/CLK100MHZ_IBUF_BUFG
    RAMB36_X2Y6          RAMB36E1                                     r  u_audio_buffer/mem_reg_4_0/CLKARDCLK
  -------------------------------------------------------------------    -------------------
    RAMB36_X2Y6          RAMB36E1 (Prop_ramb36e1_CLKARDCLK_CASCADEOUTA)
                                                      2.872     8.364 r  u_audio_buffer/mem_reg_4_0/CASCADEOUTA
                         net (fo=1, routed)           0.065     8.429    u_audio_buffer/mem_reg_4_0_n_0
    RAMB36_X2Y7          RAMB36E1 (Prop_ramb36e1_CASCADEINA_DOADO[0])
                                                      0.425     8.854 r  u_audio_buffer/mem_reg_5_0/DOADO[0]
                         net (fo=1, routed)           1.707    10.561    u_audio_buffer/mem_reg_5_0_n_35
    SLICE_X64Y55         LUT6 (Prop_lut6_I1_O)        0.124    10.685 r  u_audio_buffer/send_byte_data[0]_i_1/O
                         net (fo=4, routed)           1.952    12.637    u_audio_buffer/buf_dout[0]
    SLICE_X66Y94         LUT4 (Prop_lut4_I1_O)        0.124    12.761 r  u_audio_buffer/AUD_PWM_OBUFT_inst_i_11/O
                         net (fo=1, routed)           0.000    12.761    u_audio_buffer/AUD_PWM_OBUFT_inst_i_11_n_0
    SLICE_X66Y94         CARRY4 (Prop_carry4_S[0]_CO[3])
                                                      0.513    13.274 r  u_audio_buffer/AUD_PWM_OBUFT_inst_i_3/CO[3]
                         net (fo=1, routed)           0.000    13.274    u_audio_buffer/AUD_PWM_OBUFT_inst_i_3_n_0
    SLICE_X66Y95         CARRY4 (Prop_carry4_CI_CO[3])
                                                      0.117    13.391 r  u_audio_buffer/AUD_PWM_OBUFT_inst_i_2/CO[3]
                         net (fo=1, routed)           0.943    14.334    u_audio_buffer/AUD_PWM_OBUFT_inst_i_2_n_0
    SLICE_X64Y95         LUT3 (Prop_lut3_I0_O)        0.124    14.458 f  u_audio_buffer/AUD_PWM_OBUFT_inst_i_1/O
                         net (fo=1, routed)           4.576    19.033    AUD_PWM_TRI
    A11                  OBUFT (TriStatE_obuft_T_O)
                                                      3.581    22.615 r  AUD_PWM_OBUFT_inst/O
                         net (fo=0)                   0.000    22.615    AUD_PWM
    A11                                                               r  AUD_PWM (OUT)
  -------------------------------------------------------------------    -------------------

Slack:                    inf
  Source:                 u_audio_buffer/mem_reg_4_3/CLKARDCLK
                            (rising edge-triggered cell RAMB36E1 clocked by sys_clk_pin  {rise@0.000ns fall@5.000ns period=10.000ns})
  Destination:            LED[13]
                            (output port)
  Path Group:             (none)
  Path Type:              Max at Slow Process Corner
  Data Path Delay:        17.264ns  (logic 7.577ns (43.889%)  route 9.687ns (56.111%))
  Logic Levels:           6  (LUT3=1 LUT5=1 LUT6=2 OBUF=1 RAMB36E1=1)
  Clock Uncertainty:      0.025ns  ((TSJ^2 + TIJ^2)^1/2 + DJ) / 2 + PE
    Total System Jitter     (TSJ):    0.050ns
    Total Input Jitter      (TIJ):    0.000ns
    Discrete Jitter          (DJ):    0.000ns
    Phase Error              (PE):    0.000ns

    Location             Delay type                Incr(ns)  Path(ns)    Netlist Resource(s)
  -------------------------------------------------------------------    -------------------
                         (clock sys_clk_pin rise edge)
                                                      0.000     0.000 r  
    E3                                                0.000     0.000 r  CLK100MHZ (IN)
                         net (fo=0)                   0.000     0.000    CLK100MHZ
    E3                   IBUF (Prop_ibuf_I_O)         1.482     1.482 r  CLK100MHZ_IBUF_inst/O
                         net (fo=1, routed)           2.025     3.506    CLK100MHZ_IBUF
    BUFGCTRL_X0Y16       BUFG (Prop_bufg_I_O)         0.096     3.602 r  CLK100MHZ_IBUF_BUFG_inst/O
                         net (fo=290, routed)         1.732     5.335    u_audio_buffer/CLK100MHZ_IBUF_BUFG
    RAMB36_X3Y24         RAMB36E1                                     r  u_audio_buffer/mem_reg_4_3/CLKARDCLK
  -------------------------------------------------------------------    -------------------
    RAMB36_X3Y24         RAMB36E1 (Prop_ramb36e1_CLKARDCLK_CASCADEOUTA)
                                                      2.872     8.207 r  u_audio_buffer/mem_reg_4_3/CASCADEOUTA
                         net (fo=1, routed)           0.065     8.272    u_audio_buffer/mem_reg_4_3_n_0
    RAMB36_X3Y25         RAMB36E1 (Prop_ramb36e1_CASCADEINA_DOADO[0])
                                                      0.425     8.697 r  u_audio_buffer/mem_reg_5_3/DOADO[0]
                         net (fo=1, routed)           1.694    10.391    u_audio_buffer/mem_reg_5_3_n_35
    SLICE_X72Y115        LUT6 (Prop_lut6_I1_O)        0.124    10.515 r  u_audio_buffer/send_byte_data[3]_i_1/O
                         net (fo=4, routed)           1.901    12.416    u_audio_buffer/buf_dout[3]
    SLICE_X62Y95         LUT3 (Prop_lut3_I2_O)        0.150    12.566 f  u_audio_buffer/LED_OBUF[13]_inst_i_7/O
                         net (fo=5, routed)           0.915    13.481    u_audio_buffer/FSM_sequential_state_reg[1]_0
    SLICE_X61Y94         LUT5 (Prop_lut5_I0_O)        0.328    13.809 r  u_audio_buffer/LED_OBUF[13]_inst_i_4/O
                         net (fo=2, routed)           0.889    14.698    u_pdm_decoder/LED[5]
    SLICE_X60Y94         LUT6 (Prop_lut6_I3_O)        0.124    14.822 r  u_pdm_decoder/LED_OBUF[13]_inst_i_1/O
                         net (fo=1, routed)           4.223    19.045    LED_OBUF[13]
    V14                  OBUF (Prop_obuf_I_O)         3.554    22.599 r  LED_OBUF[13]_inst/O
                         net (fo=0)                   0.000    22.599    LED[13]
    V14                                                               r  LED[13] (OUT)
  -------------------------------------------------------------------    -------------------

Slack:                    inf
  Source:                 u_audio_buffer/mem_reg_4_0/CLKARDCLK
                            (rising edge-triggered cell RAMB36E1 clocked by sys_clk_pin  {rise@0.000ns fall@5.000ns period=10.000ns})
  Destination:            LED[9]
                            (output port)
  Path Group:             (none)
  Path Type:              Max at Slow Process Corner
  Data Path Delay:        17.102ns  (logic 7.347ns (42.962%)  route 9.755ns (57.038%))
  Logic Levels:           6  (LUT5=1 LUT6=3 OBUF=1 RAMB36E1=1)
  Clock Uncertainty:      0.025ns  ((TSJ^2 + TIJ^2)^1/2 + DJ) / 2 + PE
    Total System Jitter     (TSJ):    0.050ns
    Total Input Jitter      (TIJ):    0.000ns
    Discrete Jitter          (DJ):    0.000ns
    Phase Error              (PE):    0.000ns

    Location             Delay type                Incr(ns)  Path(ns)    Netlist Resource(s)
  -------------------------------------------------------------------    -------------------
                         (clock sys_clk_pin rise edge)
                                                      0.000     0.000 r  
    E3                                                0.000     0.000 r  CLK100MHZ (IN)
                         net (fo=0)                   0.000     0.000    CLK100MHZ
    E3                   IBUF (Prop_ibuf_I_O)         1.482     1.482 r  CLK100MHZ_IBUF_inst/O
                         net (fo=1, routed)           2.025     3.506    CLK100MHZ_IBUF
    BUFGCTRL_X0Y16       BUFG (Prop_bufg_I_O)         0.096     3.602 r  CLK100MHZ_IBUF_BUFG_inst/O
                         net (fo=290, routed)         1.890     5.492    u_audio_buffer/CLK100MHZ_IBUF_BUFG
    RAMB36_X2Y6          RAMB36E1                                     r  u_audio_buffer/mem_reg_4_0/CLKARDCLK
  -------------------------------------------------------------------    -------------------
    RAMB36_X2Y6          RAMB36E1 (Prop_ramb36e1_CLKARDCLK_CASCADEOUTA)
                                                      2.872     8.364 r  u_audio_buffer/mem_reg_4_0/CASCADEOUTA
                         net (fo=1, routed)           0.065     8.429    u_audio_buffer/mem_reg_4_0_n_0
    RAMB36_X2Y7          RAMB36E1 (Prop_ramb36e1_CASCADEINA_DOADO[0])
                                                      0.425     8.854 r  u_audio_buffer/mem_reg_5_0/DOADO[0]
                         net (fo=1, routed)           1.707    10.561    u_audio_buffer/mem_reg_5_0_n_35
    SLICE_X64Y55         LUT6 (Prop_lut6_I1_O)        0.124    10.685 r  u_audio_buffer/send_byte_data[0]_i_1/O
                         net (fo=4, routed)           1.947    12.632    u_audio_buffer/buf_dout[0]
    SLICE_X64Y94         LUT6 (Prop_lut6_I2_O)        0.124    12.756 f  u_audio_buffer/LED_OBUF[14]_inst_i_6/O
                         net (fo=8, routed)           1.407    14.163    u_audio_buffer/pcm_sample_reg[2]
    SLICE_X62Y95         LUT6 (Prop_lut6_I2_O)        0.124    14.287 f  u_audio_buffer/LED_OBUF[9]_inst_i_2/O
                         net (fo=2, routed)           0.819    15.106    u_pdm_decoder/LED[1]_0
    SLICE_X60Y95         LUT5 (Prop_lut5_I2_O)        0.124    15.230 r  u_pdm_decoder/LED_OBUF[9]_inst_i_1/O
                         net (fo=1, routed)           3.809    19.040    LED_OBUF[9]
    T15                  OBUF (Prop_obuf_I_O)         3.554    22.594 r  LED_OBUF[9]_inst/O
                         net (fo=0)                   0.000    22.594    LED[9]
    T15                                                               r  LED[9] (OUT)
  -------------------------------------------------------------------    -------------------

Slack:                    inf
  Source:                 u_audio_buffer/mem_reg_4_0/CLKARDCLK
                            (rising edge-triggered cell RAMB36E1 clocked by sys_clk_pin  {rise@0.000ns fall@5.000ns period=10.000ns})
  Destination:            LED[8]
                            (output port)
  Path Group:             (none)
  Path Type:              Max at Slow Process Corner
  Data Path Delay:        17.079ns  (logic 7.341ns (42.981%)  route 9.738ns (57.019%))
  Logic Levels:           6  (LUT4=1 LUT6=3 OBUF=1 RAMB36E1=1)
  Clock Uncertainty:      0.025ns  ((TSJ^2 + TIJ^2)^1/2 + DJ) / 2 + PE
    Total System Jitter     (TSJ):    0.050ns
    Total Input Jitter      (TIJ):    0.000ns
    Discrete Jitter          (DJ):    0.000ns
    Phase Error              (PE):    0.000ns

    Location             Delay type                Incr(ns)  Path(ns)    Netlist Resource(s)
  -------------------------------------------------------------------    -------------------
                         (clock sys_clk_pin rise edge)
                                                      0.000     0.000 r  
    E3                                                0.000     0.000 r  CLK100MHZ (IN)
                         net (fo=0)                   0.000     0.000    CLK100MHZ
    E3                   IBUF (Prop_ibuf_I_O)         1.482     1.482 r  CLK100MHZ_IBUF_inst/O
                         net (fo=1, routed)           2.025     3.506    CLK100MHZ_IBUF
    BUFGCTRL_X0Y16       BUFG (Prop_bufg_I_O)         0.096     3.602 r  CLK100MHZ_IBUF_BUFG_inst/O
                         net (fo=290, routed)         1.890     5.492    u_audio_buffer/CLK100MHZ_IBUF_BUFG
    RAMB36_X2Y6          RAMB36E1                                     r  u_audio_buffer/mem_reg_4_0/CLKARDCLK
  -------------------------------------------------------------------    -------------------
    RAMB36_X2Y6          RAMB36E1 (Prop_ramb36e1_CLKARDCLK_CASCADEOUTA)
                                                      2.872     8.364 r  u_audio_buffer/mem_reg_4_0/CASCADEOUTA
                         net (fo=1, routed)           0.065     8.429    u_audio_buffer/mem_reg_4_0_n_0
    RAMB36_X2Y7          RAMB36E1 (Prop_ramb36e1_CASCADEINA_DOADO[0])
                                                      0.425     8.854 f  u_audio_buffer/mem_reg_5_0/DOADO[0]
                         net (fo=1, routed)           1.707    10.561    u_audio_buffer/mem_reg_5_0_n_35
    SLICE_X64Y55         LUT6 (Prop_lut6_I1_O)        0.124    10.685 f  u_audio_buffer/send_byte_data[0]_i_1/O
                         net (fo=4, routed)           1.947    12.632    u_audio_buffer/buf_dout[0]
    SLICE_X64Y94         LUT6 (Prop_lut6_I2_O)        0.124    12.756 r  u_audio_buffer/LED_OBUF[14]_inst_i_6/O
                         net (fo=8, routed)           1.250    14.006    u_pdm_decoder/LED_OBUF[14]_inst_i_1_1
    SLICE_X60Y95         LUT6 (Prop_lut6_I3_O)        0.124    14.130 f  u_pdm_decoder/LED_OBUF[12]_inst_i_4/O
                         net (fo=6, routed)           0.937    15.068    u_pdm_decoder/pcm_sample_reg[6]_0
    SLICE_X59Y93         LUT4 (Prop_lut4_I2_O)        0.124    15.192 r  u_pdm_decoder/LED_OBUF[8]_inst_i_1/O
                         net (fo=1, routed)           3.831    19.023    LED_OBUF[8]
    V16                  OBUF (Prop_obuf_I_O)         3.548    22.571 r  LED_OBUF[8]_inst/O
                         net (fo=0)                   0.000    22.571    LED[8]
    V16                                                               r  LED[8] (OUT)
  -------------------------------------------------------------------    -------------------

Slack:                    inf
  Source:                 u_audio_buffer/mem_reg_4_0/CLKARDCLK
                            (rising edge-triggered cell RAMB36E1 clocked by sys_clk_pin  {rise@0.000ns fall@5.000ns period=10.000ns})
  Destination:            LED[14]
                            (output port)
  Path Group:             (none)
  Path Type:              Max at Slow Process Corner
  Data Path Delay:        16.744ns  (logic 7.363ns (43.976%)  route 9.380ns (56.024%))
  Logic Levels:           6  (LUT5=2 LUT6=2 OBUF=1 RAMB36E1=1)
  Clock Uncertainty:      0.025ns  ((TSJ^2 + TIJ^2)^1/2 + DJ) / 2 + PE
    Total System Jitter     (TSJ):    0.050ns
    Total Input Jitter      (TIJ):    0.000ns
    Discrete Jitter          (DJ):    0.000ns
    Phase Error              (PE):    0.000ns

    Location             Delay type                Incr(ns)  Path(ns)    Netlist Resource(s)
  -------------------------------------------------------------------    -------------------
                         (clock sys_clk_pin rise edge)
                                                      0.000     0.000 r  
    E3                                                0.000     0.000 r  CLK100MHZ (IN)
                         net (fo=0)                   0.000     0.000    CLK100MHZ
    E3                   IBUF (Prop_ibuf_I_O)         1.482     1.482 r  CLK100MHZ_IBUF_inst/O
                         net (fo=1, routed)           2.025     3.506    CLK100MHZ_IBUF
    BUFGCTRL_X0Y16       BUFG (Prop_bufg_I_O)         0.096     3.602 r  CLK100MHZ_IBUF_BUFG_inst/O
                         net (fo=290, routed)         1.890     5.492    u_audio_buffer/CLK100MHZ_IBUF_BUFG
    RAMB36_X2Y6          RAMB36E1                                     r  u_audio_buffer/mem_reg_4_0/CLKARDCLK
  -------------------------------------------------------------------    -------------------
    RAMB36_X2Y6          RAMB36E1 (Prop_ramb36e1_CLKARDCLK_CASCADEOUTA)
                                                      2.872     8.364 r  u_audio_buffer/mem_reg_4_0/CASCADEOUTA
                         net (fo=1, routed)           0.065     8.429    u_audio_buffer/mem_reg_4_0_n_0
    RAMB36_X2Y7          RAMB36E1 (Prop_ramb36e1_CASCADEINA_DOADO[0])
                                                      0.425     8.854 f  u_audio_buffer/mem_reg_5_0/DOADO[0]
                         net (fo=1, routed)           1.707    10.561    u_audio_buffer/mem_reg_5_0_n_35
    SLICE_X64Y55         LUT6 (Prop_lut6_I1_O)        0.124    10.685 f  u_audio_buffer/send_byte_data[0]_i_1/O
                         net (fo=4, routed)           1.947    12.632    u_audio_buffer/buf_dout[0]
    SLICE_X64Y94         LUT6 (Prop_lut6_I2_O)        0.124    12.756 r  u_audio_buffer/LED_OBUF[14]_inst_i_6/O
                         net (fo=8, routed)           0.986    13.743    u_pdm_decoder/LED_OBUF[14]_inst_i_1_1
    SLICE_X59Y94         LUT5 (Prop_lut5_I3_O)        0.124    13.867 f  u_pdm_decoder/LED_OBUF[14]_inst_i_2/O
                         net (fo=1, routed)           0.616    14.483    u_pdm_decoder/LED_OBUF[14]_inst_i_2_n_0
    SLICE_X59Y93         LUT5 (Prop_lut5_I0_O)        0.124    14.607 r  u_pdm_decoder/LED_OBUF[14]_inst_i_1/O
                         net (fo=1, routed)           4.059    18.666    LED_OBUF[14]
    V12                  OBUF (Prop_obuf_I_O)         3.570    22.236 r  LED_OBUF[14]_inst/O
                         net (fo=0)                   0.000    22.236    LED[14]
    V12                                                               r  LED[14] (OUT)
  -------------------------------------------------------------------    -------------------

Slack:                    inf
  Source:                 u_audio_buffer/mem_reg_4_0/CLKARDCLK
                            (rising edge-triggered cell RAMB36E1 clocked by sys_clk_pin  {rise@0.000ns fall@5.000ns period=10.000ns})
  Destination:            LED[6]
                            (output port)
  Path Group:             (none)
  Path Type:              Max at Slow Process Corner
  Data Path Delay:        16.662ns  (logic 7.348ns (44.100%)  route 9.314ns (55.900%))
  Logic Levels:           6  (LUT3=1 LUT6=3 OBUF=1 RAMB36E1=1)
  Clock Uncertainty:      0.025ns  ((TSJ^2 + TIJ^2)^1/2 + DJ) / 2 + PE
    Total System Jitter     (TSJ):    0.050ns
    Total Input Jitter      (TIJ):    0.000ns
    Discrete Jitter          (DJ):    0.000ns
    Phase Error              (PE):    0.000ns

    Location             Delay type                Incr(ns)  Path(ns)    Netlist Resource(s)
  -------------------------------------------------------------------    -------------------
                         (clock sys_clk_pin rise edge)
                                                      0.000     0.000 r  
    E3                                                0.000     0.000 r  CLK100MHZ (IN)
                         net (fo=0)                   0.000     0.000    CLK100MHZ
    E3                   IBUF (Prop_ibuf_I_O)         1.482     1.482 r  CLK100MHZ_IBUF_inst/O
                         net (fo=1, routed)           2.025     3.506    CLK100MHZ_IBUF
    BUFGCTRL_X0Y16       BUFG (Prop_bufg_I_O)         0.096     3.602 r  CLK100MHZ_IBUF_BUFG_inst/O
                         net (fo=290, routed)         1.890     5.492    u_audio_buffer/CLK100MHZ_IBUF_BUFG
    RAMB36_X2Y6          RAMB36E1                                     r  u_audio_buffer/mem_reg_4_0/CLKARDCLK
  -------------------------------------------------------------------    -------------------
    RAMB36_X2Y6          RAMB36E1 (Prop_ramb36e1_CLKARDCLK_CASCADEOUTA)
                                                      2.872     8.364 r  u_audio_buffer/mem_reg_4_0/CASCADEOUTA
                         net (fo=1, routed)           0.065     8.429    u_audio_buffer/mem_reg_4_0_n_0
    RAMB36_X2Y7          RAMB36E1 (Prop_ramb36e1_CASCADEINA_DOADO[0])
                                                      0.425     8.854 f  u_audio_buffer/mem_reg_5_0/DOADO[0]
                         net (fo=1, routed)           1.707    10.561    u_audio_buffer/mem_reg_5_0_n_35
    SLICE_X64Y55         LUT6 (Prop_lut6_I1_O)        0.124    10.685 f  u_audio_buffer/send_byte_data[0]_i_1/O
                         net (fo=4, routed)           1.947    12.632    u_audio_buffer/buf_dout[0]
    SLICE_X64Y94         LUT6 (Prop_lut6_I2_O)        0.124    12.756 r  u_audio_buffer/LED_OBUF[14]_inst_i_6/O
                         net (fo=8, routed)           1.250    14.006    u_pdm_decoder/LED_OBUF[14]_inst_i_1_1
    SLICE_X60Y95         LUT6 (Prop_lut6_I3_O)        0.124    14.130 f  u_pdm_decoder/LED_OBUF[12]_inst_i_4/O
                         net (fo=6, routed)           0.965    15.096    u_pdm_decoder/pcm_sample_reg[6]_0
    SLICE_X58Y93         LUT3 (Prop_lut3_I1_O)        0.124    15.220 r  u_pdm_decoder/LED_OBUF[6]_inst_i_1/O
                         net (fo=1, routed)           3.379    18.599    LED_OBUF[6]
    U17                  OBUF (Prop_obuf_I_O)         3.555    22.154 r  LED_OBUF[6]_inst/O
                         net (fo=0)                   0.000    22.154    LED[6]
    U17                                                               r  LED[6] (OUT)
  -------------------------------------------------------------------    -------------------





Min Delay Paths
--------------------------------------------------------------------------------------
Slack:                    inf
  Source:                 u_pdm_decoder/m_clk_reg/C
                            (rising edge-triggered cell FDRE clocked by sys_clk_pin  {rise@0.000ns fall@5.000ns period=10.000ns})
  Destination:            M_CLK
                            (output port)
  Path Group:             (none)
  Path Type:              Min at Fast Process Corner
  Data Path Delay:        2.031ns  (logic 1.353ns (66.593%)  route 0.679ns (33.407%))
  Logic Levels:           1  (OBUF=1)
  Clock Uncertainty:      0.025ns  ((TSJ^2 + TIJ^2)^1/2 + DJ) / 2 + PE
    Total System Jitter     (TSJ):    0.050ns
    Total Input Jitter      (TIJ):    0.000ns
    Discrete Jitter          (DJ):    0.000ns
    Phase Error              (PE):    0.000ns

    Location             Delay type                Incr(ns)  Path(ns)    Netlist Resource(s)
  -------------------------------------------------------------------    -------------------
                         (clock sys_clk_pin rise edge)
                                                      0.000     0.000 r  
    E3                                                0.000     0.000 r  CLK100MHZ (IN)
                         net (fo=0)                   0.000     0.000    CLK100MHZ
    E3                   IBUF (Prop_ibuf_I_O)         0.250     0.250 r  CLK100MHZ_IBUF_inst/O
                         net (fo=1, routed)           0.644     0.894    CLK100MHZ_IBUF
    BUFGCTRL_X0Y16       BUFG (Prop_bufg_I_O)         0.026     0.920 r  CLK100MHZ_IBUF_BUFG_inst/O
                         net (fo=290, routed)         0.598     1.517    u_pdm_decoder/CLK100MHZ_IBUF_BUFG
    SLICE_X75Y99         FDRE                                         r  u_pdm_decoder/m_clk_reg/C
  -------------------------------------------------------------------    -------------------
    SLICE_X75Y99         FDRE (Prop_fdre_C_Q)         0.141     1.658 r  u_pdm_decoder/m_clk_reg/Q
                         net (fo=3, routed)           0.679     2.337    M_CLK_OBUF
    J5                   OBUF (Prop_obuf_I_O)         1.212     3.549 r  M_CLK_OBUF_inst/O
                         net (fo=0)                   0.000     3.549    M_CLK
    J5                                                                r  M_CLK (OUT)
  -------------------------------------------------------------------    -------------------

Slack:                    inf
  Source:                 u_uart_tx/tx_reg/C
                            (rising edge-triggered cell FDSE clocked by sys_clk_pin  {rise@0.000ns fall@5.000ns period=10.000ns})
  Destination:            UART_TXD
                            (output port)
  Path Group:             (none)
  Path Type:              Min at Fast Process Corner
  Data Path Delay:        2.708ns  (logic 1.409ns (52.034%)  route 1.299ns (47.966%))
  Logic Levels:           1  (OBUF=1)
  Clock Uncertainty:      0.025ns  ((TSJ^2 + TIJ^2)^1/2 + DJ) / 2 + PE
    Total System Jitter     (TSJ):    0.050ns
    Total Input Jitter      (TIJ):    0.000ns
    Discrete Jitter          (DJ):    0.000ns
    Phase Error              (PE):    0.000ns

    Location             Delay type                Incr(ns)  Path(ns)    Netlist Resource(s)
  -------------------------------------------------------------------    -------------------
                         (clock sys_clk_pin rise edge)
                                                      0.000     0.000 r  
    E3                                                0.000     0.000 r  CLK100MHZ (IN)
                         net (fo=0)                   0.000     0.000    CLK100MHZ
    E3                   IBUF (Prop_ibuf_I_O)         0.250     0.250 r  CLK100MHZ_IBUF_inst/O
                         net (fo=1, routed)           0.644     0.894    CLK100MHZ_IBUF
    BUFGCTRL_X0Y16       BUFG (Prop_bufg_I_O)         0.026     0.920 r  CLK100MHZ_IBUF_BUFG_inst/O
                         net (fo=290, routed)         0.568     1.487    u_uart_tx/CLK100MHZ_IBUF_BUFG
    SLICE_X66Y96         FDSE                                         r  u_uart_tx/tx_reg/C
  -------------------------------------------------------------------    -------------------
    SLICE_X66Y96         FDSE (Prop_fdse_C_Q)         0.164     1.651 r  u_uart_tx/tx_reg/Q
                         net (fo=1, routed)           1.299     2.950    UART_TXD_OBUF
    C4                   OBUF (Prop_obuf_I_O)         1.245     4.196 r  UART_TXD_OBUF_inst/O
                         net (fo=0)                   0.000     4.196    UART_TXD
    C4                                                                r  UART_TXD (OUT)
  -------------------------------------------------------------------    -------------------

Slack:                    inf
  Source:                 u_pdm_decoder/pcm_sample_reg[3]/C
                            (rising edge-triggered cell FDRE clocked by sys_clk_pin  {rise@0.000ns fall@5.000ns period=10.000ns})
  Destination:            LED[3]
                            (output port)
  Path Group:             (none)
  Path Type:              Min at Fast Process Corner
  Data Path Delay:        3.252ns  (logic 1.482ns (45.585%)  route 1.769ns (54.415%))
  Logic Levels:           3  (LUT5=1 LUT6=1 OBUF=1)
  Clock Uncertainty:      0.025ns  ((TSJ^2 + TIJ^2)^1/2 + DJ) / 2 + PE
    Total System Jitter     (TSJ):    0.050ns
    Total Input Jitter      (TIJ):    0.000ns
    Discrete Jitter          (DJ):    0.000ns
    Phase Error              (PE):    0.000ns

    Location             Delay type                Incr(ns)  Path(ns)    Netlist Resource(s)
  -------------------------------------------------------------------    -------------------
                         (clock sys_clk_pin rise edge)
                                                      0.000     0.000 r  
    E3                                                0.000     0.000 r  CLK100MHZ (IN)
                         net (fo=0)                   0.000     0.000    CLK100MHZ
    E3                   IBUF (Prop_ibuf_I_O)         0.250     0.250 r  CLK100MHZ_IBUF_inst/O
                         net (fo=1, routed)           0.644     0.894    CLK100MHZ_IBUF
    BUFGCTRL_X0Y16       BUFG (Prop_bufg_I_O)         0.026     0.920 r  CLK100MHZ_IBUF_BUFG_inst/O
                         net (fo=290, routed)         0.596     1.515    u_pdm_decoder/CLK100MHZ_IBUF_BUFG
    SLICE_X73Y97         FDRE                                         r  u_pdm_decoder/pcm_sample_reg[3]/C
  -------------------------------------------------------------------    -------------------
    SLICE_X73Y97         FDRE (Prop_fdre_C_Q)         0.141     1.656 r  u_pdm_decoder/pcm_sample_reg[3]/Q
                         net (fo=14, routed)          0.735     2.391    u_audio_buffer/mem_reg_7_7_0[3]
    SLICE_X61Y94         LUT6 (Prop_lut6_I3_O)        0.045     2.436 r  u_audio_buffer/LED_OBUF[11]_inst_i_2/O
                         net (fo=3, routed)           0.105     2.541    u_pdm_decoder/LED[3]
    SLICE_X59Y94         LUT5 (Prop_lut5_I3_O)        0.045     2.586 r  u_pdm_decoder/LED_OBUF[3]_inst_i_1/O
                         net (fo=1, routed)           0.929     3.516    LED_OBUF[3]
    N14                  OBUF (Prop_obuf_I_O)         1.251     4.767 r  LED_OBUF[3]_inst/O
                         net (fo=0)                   0.000     4.767    LED[3]
    N14                                                               r  LED[3] (OUT)
  -------------------------------------------------------------------    -------------------

Slack:                    inf
  Source:                 FSM_sequential_state_reg[0]/C
                            (rising edge-triggered cell FDRE clocked by sys_clk_pin  {rise@0.000ns fall@5.000ns period=10.000ns})
  Destination:            LED[15]
                            (output port)
  Path Group:             (none)
  Path Type:              Min at Fast Process Corner
  Data Path Delay:        3.322ns  (logic 1.514ns (45.583%)  route 1.808ns (54.417%))
  Logic Levels:           2  (LUT2=1 OBUF=1)
  Clock Uncertainty:      0.025ns  ((TSJ^2 + TIJ^2)^1/2 + DJ) / 2 + PE
    Total System Jitter     (TSJ):    0.050ns
    Total Input Jitter      (TIJ):    0.000ns
    Discrete Jitter          (DJ):    0.000ns
    Phase Error              (PE):    0.000ns

    Location             Delay type                Incr(ns)  Path(ns)    Netlist Resource(s)
  -------------------------------------------------------------------    -------------------
                         (clock sys_clk_pin rise edge)
                                                      0.000     0.000 r  
    E3                                                0.000     0.000 r  CLK100MHZ (IN)
                         net (fo=0)                   0.000     0.000    CLK100MHZ
    E3                   IBUF (Prop_ibuf_I_O)         0.250     0.250 r  CLK100MHZ_IBUF_inst/O
                         net (fo=1, routed)           0.644     0.894    CLK100MHZ_IBUF
    BUFGCTRL_X0Y16       BUFG (Prop_bufg_I_O)         0.026     0.920 r  CLK100MHZ_IBUF_BUFG_inst/O
                         net (fo=290, routed)         0.567     1.486    CLK100MHZ_IBUF_BUFG
    SLICE_X69Y90         FDRE                                         r  FSM_sequential_state_reg[0]/C
  -------------------------------------------------------------------    -------------------
    SLICE_X69Y90         FDRE (Prop_fdre_C_Q)         0.141     1.627 f  FSM_sequential_state_reg[0]/Q
                         net (fo=122, routed)         0.243     1.871    state[0]
    SLICE_X69Y90         LUT2 (Prop_lut2_I1_O)        0.042     1.913 r  AUD_SD_OBUF_inst_i_1/O
                         net (fo=2, routed)           1.565     3.477    LED_OBUF[15]
    V11                  OBUF (Prop_obuf_I_O)         1.331     4.809 r  LED_OBUF[15]_inst/O
                         net (fo=0)                   0.000     4.809    LED[15]
    V11                                                               r  LED[15] (OUT)
  -------------------------------------------------------------------    -------------------

Slack:                    inf
  Source:                 u_pdm_decoder/pcm_sample_reg[4]/C
                            (rising edge-triggered cell FDRE clocked by sys_clk_pin  {rise@0.000ns fall@5.000ns period=10.000ns})
  Destination:            LED[1]
                            (output port)
  Path Group:             (none)
  Path Type:              Min at Fast Process Corner
  Data Path Delay:        3.334ns  (logic 1.467ns (44.008%)  route 1.867ns (55.992%))
  Logic Levels:           3  (LUT6=2 OBUF=1)
  Clock Uncertainty:      0.025ns  ((TSJ^2 + TIJ^2)^1/2 + DJ) / 2 + PE
    Total System Jitter     (TSJ):    0.050ns
    Total Input Jitter      (TIJ):    0.000ns
    Discrete Jitter          (DJ):    0.000ns
    Phase Error              (PE):    0.000ns

    Location             Delay type                Incr(ns)  Path(ns)    Netlist Resource(s)
  -------------------------------------------------------------------    -------------------
                         (clock sys_clk_pin rise edge)
                                                      0.000     0.000 r  
    E3                                                0.000     0.000 r  CLK100MHZ (IN)
                         net (fo=0)                   0.000     0.000    CLK100MHZ
    E3                   IBUF (Prop_ibuf_I_O)         0.250     0.250 r  CLK100MHZ_IBUF_inst/O
                         net (fo=1, routed)           0.644     0.894    CLK100MHZ_IBUF
    BUFGCTRL_X0Y16       BUFG (Prop_bufg_I_O)         0.026     0.920 r  CLK100MHZ_IBUF_BUFG_inst/O
                         net (fo=290, routed)         0.596     1.515    u_pdm_decoder/CLK100MHZ_IBUF_BUFG
    SLICE_X73Y97         FDRE                                         r  u_pdm_decoder/pcm_sample_reg[4]/C
  -------------------------------------------------------------------    -------------------
    SLICE_X73Y97         FDRE (Prop_fdre_C_Q)         0.141     1.656 r  u_pdm_decoder/pcm_sample_reg[4]/Q
                         net (fo=10, routed)          0.591     2.248    u_audio_buffer/mem_reg_7_7_0[4]
    SLICE_X62Y95         LUT6 (Prop_lut6_I1_O)        0.045     2.293 f  u_audio_buffer/LED_OBUF[9]_inst_i_2/O
                         net (fo=2, routed)           0.247     2.540    u_pdm_decoder/LED[1]_0
    SLICE_X60Y95         LUT6 (Prop_lut6_I4_O)        0.045     2.585 r  u_pdm_decoder/LED_OBUF[1]_inst_i_1/O
                         net (fo=1, routed)           1.028     3.613    LED_OBUF[1]
    K15                  OBUF (Prop_obuf_I_O)         1.236     4.849 r  LED_OBUF[1]_inst/O
                         net (fo=0)                   0.000     4.849    LED[1]
    K15                                                               r  LED[1] (OUT)
  -------------------------------------------------------------------    -------------------

Slack:                    inf
  Source:                 u_pdm_decoder/pcm_sample_reg[3]/C
                            (rising edge-triggered cell FDRE clocked by sys_clk_pin  {rise@0.000ns fall@5.000ns period=10.000ns})
  Destination:            LED[4]
                            (output port)
  Path Group:             (none)
  Path Type:              Min at Fast Process Corner
  Data Path Delay:        3.345ns  (logic 1.483ns (44.351%)  route 1.861ns (55.649%))
  Logic Levels:           3  (LUT5=1 LUT6=1 OBUF=1)
  Clock Uncertainty:      0.025ns  ((TSJ^2 + TIJ^2)^1/2 + DJ) / 2 + PE
    Total System Jitter     (TSJ):    0.050ns
    Total Input Jitter      (TIJ):    0.000ns
    Discrete Jitter          (DJ):    0.000ns
    Phase Error              (PE):    0.000ns

    Location             Delay type                Incr(ns)  Path(ns)    Netlist Resource(s)
  -------------------------------------------------------------------    -------------------
                         (clock sys_clk_pin rise edge)
                                                      0.000     0.000 r  
    E3                                                0.000     0.000 r  CLK100MHZ (IN)
                         net (fo=0)                   0.000     0.000    CLK100MHZ
    E3                   IBUF (Prop_ibuf_I_O)         0.250     0.250 r  CLK100MHZ_IBUF_inst/O
                         net (fo=1, routed)           0.644     0.894    CLK100MHZ_IBUF
    BUFGCTRL_X0Y16       BUFG (Prop_bufg_I_O)         0.026     0.920 r  CLK100MHZ_IBUF_BUFG_inst/O
                         net (fo=290, routed)         0.596     1.515    u_pdm_decoder/CLK100MHZ_IBUF_BUFG
    SLICE_X73Y97         FDRE                                         r  u_pdm_decoder/pcm_sample_reg[3]/C
  -------------------------------------------------------------------    -------------------
    SLICE_X73Y97         FDRE (Prop_fdre_C_Q)         0.141     1.656 r  u_pdm_decoder/pcm_sample_reg[3]/Q
                         net (fo=14, routed)          0.683     2.339    u_audio_buffer/mem_reg_7_7_0[3]
    SLICE_X61Y94         LUT6 (Prop_lut6_I2_O)        0.045     2.384 f  u_audio_buffer/LED_OBUF[12]_inst_i_2/O
                         net (fo=8, routed)           0.284     2.668    u_pdm_decoder/LED[8]
    SLICE_X59Y93         LUT5 (Prop_lut5_I1_O)        0.045     2.713 r  u_pdm_decoder/LED_OBUF[4]_inst_i_1/O
                         net (fo=1, routed)           0.895     3.608    LED_OBUF[4]
    R18                  OBUF (Prop_obuf_I_O)         1.252     4.860 r  LED_OBUF[4]_inst/O
                         net (fo=0)                   0.000     4.860    LED[4]
    R18                                                               r  LED[4] (OUT)
  -------------------------------------------------------------------    -------------------

Slack:                    inf
  Source:                 u_pdm_decoder/pcm_sample_reg[1]/C
                            (rising edge-triggered cell FDRE clocked by sys_clk_pin  {rise@0.000ns fall@5.000ns period=10.000ns})
  Destination:            LED[6]
                            (output port)
  Path Group:             (none)
  Path Type:              Min at Fast Process Corner
  Data Path Delay:        3.486ns  (logic 1.532ns (43.934%)  route 1.955ns (56.066%))
  Logic Levels:           4  (LUT3=1 LUT5=1 LUT6=1 OBUF=1)
  Clock Uncertainty:      0.025ns  ((TSJ^2 + TIJ^2)^1/2 + DJ) / 2 + PE
    Total System Jitter     (TSJ):    0.050ns
    Total Input Jitter      (TIJ):    0.000ns
    Discrete Jitter          (DJ):    0.000ns
    Phase Error              (PE):    0.000ns

    Location             Delay type                Incr(ns)  Path(ns)    Netlist Resource(s)
  -------------------------------------------------------------------    -------------------
                         (clock sys_clk_pin rise edge)
                                                      0.000     0.000 r  
    E3                                                0.000     0.000 r  CLK100MHZ (IN)
                         net (fo=0)                   0.000     0.000    CLK100MHZ
    E3                   IBUF (Prop_ibuf_I_O)         0.250     0.250 r  CLK100MHZ_IBUF_inst/O
                         net (fo=1, routed)           0.644     0.894    CLK100MHZ_IBUF
    BUFGCTRL_X0Y16       BUFG (Prop_bufg_I_O)         0.026     0.920 r  CLK100MHZ_IBUF_BUFG_inst/O
                         net (fo=290, routed)         0.595     1.514    u_pdm_decoder/CLK100MHZ_IBUF_BUFG
    SLICE_X72Y95         FDRE                                         r  u_pdm_decoder/pcm_sample_reg[1]/C
  -------------------------------------------------------------------    -------------------
    SLICE_X72Y95         FDRE (Prop_fdre_C_Q)         0.141     1.655 r  u_pdm_decoder/pcm_sample_reg[1]/Q
                         net (fo=10, routed)          0.317     1.972    u_pdm_decoder/Q[1]
    SLICE_X64Y94         LUT6 (Prop_lut6_I0_O)        0.045     2.017 f  u_pdm_decoder/LED_OBUF[14]_inst_i_9/O
                         net (fo=3, routed)           0.278     2.295    u_pdm_decoder/LED_OBUF[14]_inst_i_9_n_0
    SLICE_X60Y94         LUT5 (Prop_lut5_I3_O)        0.045     2.340 f  u_pdm_decoder/LED_OBUF[14]_inst_i_3/O
                         net (fo=2, routed)           0.282     2.622    u_pdm_decoder/LED_OBUF[14]_inst_i_3_n_0
    SLICE_X58Y93         LUT3 (Prop_lut3_I0_O)        0.045     2.667 r  u_pdm_decoder/LED_OBUF[6]_inst_i_1/O
                         net (fo=1, routed)           1.078     3.745    LED_OBUF[6]
    U17                  OBUF (Prop_obuf_I_O)         1.256     5.001 r  LED_OBUF[6]_inst/O
                         net (fo=0)                   0.000     5.001    LED[6]
    U17                                                               r  LED[6] (OUT)
  -------------------------------------------------------------------    -------------------

Slack:                    inf
  Source:                 pwm_cnt_reg[7]/C
                            (rising edge-triggered cell FDCE clocked by sys_clk_pin  {rise@0.000ns fall@5.000ns period=10.000ns})
  Destination:            AUD_PWM
                            (output port)
  Path Group:             (none)
  Path Type:              Min at Fast Process Corner
  Data Path Delay:        3.537ns  (logic 1.167ns (32.993%)  route 2.370ns (67.007%))
  Logic Levels:           3  (CARRY4=1 LUT3=1 OBUFT=1)
  Clock Uncertainty:      0.025ns  ((TSJ^2 + TIJ^2)^1/2 + DJ) / 2 + PE
    Total System Jitter     (TSJ):    0.050ns
    Total Input Jitter      (TIJ):    0.000ns
    Discrete Jitter          (DJ):    0.000ns
    Phase Error              (PE):    0.000ns

    Location             Delay type                Incr(ns)  Path(ns)    Netlist Resource(s)
  -------------------------------------------------------------------    -------------------
                         (clock sys_clk_pin rise edge)
                                                      0.000     0.000 r  
    E3                                                0.000     0.000 r  CLK100MHZ (IN)
                         net (fo=0)                   0.000     0.000    CLK100MHZ
    E3                   IBUF (Prop_ibuf_I_O)         0.250     0.250 r  CLK100MHZ_IBUF_inst/O
                         net (fo=1, routed)           0.644     0.894    CLK100MHZ_IBUF
    BUFGCTRL_X0Y16       BUFG (Prop_bufg_I_O)         0.026     0.920 r  CLK100MHZ_IBUF_BUFG_inst/O
                         net (fo=290, routed)         0.568     1.487    CLK100MHZ_IBUF_BUFG
    SLICE_X67Y95         FDCE                                         r  pwm_cnt_reg[7]/C
  -------------------------------------------------------------------    -------------------
    SLICE_X67Y95         FDCE (Prop_fdce_C_Q)         0.128     1.615 r  pwm_cnt_reg[7]/Q
                         net (fo=3, routed)           0.090     1.705    u_audio_buffer/Q[7]
    SLICE_X66Y95         CARRY4 (Prop_carry4_DI[3]_CO[3])
                                                      0.170     1.875 f  u_audio_buffer/AUD_PWM_OBUFT_inst_i_2/CO[3]
                         net (fo=1, routed)           0.321     2.196    u_audio_buffer/AUD_PWM_OBUFT_inst_i_2_n_0
    SLICE_X64Y95         LUT3 (Prop_lut3_I0_O)        0.045     2.241 r  u_audio_buffer/AUD_PWM_OBUFT_inst_i_1/O
                         net (fo=1, routed)           1.960     4.200    AUD_PWM_TRI
    A11                  OBUFT (TriStatD_obuft_T_O)
                                                      0.824     5.024 r  AUD_PWM_OBUFT_inst/O
                         net (fo=0)                   0.000     5.024    AUD_PWM
    A11                                                               r  AUD_PWM (OUT)
  -------------------------------------------------------------------    -------------------

Slack:                    inf
  Source:                 u_pdm_decoder/pcm_sample_reg[1]/C
                            (rising edge-triggered cell FDRE clocked by sys_clk_pin  {rise@0.000ns fall@5.000ns period=10.000ns})
  Destination:            LED[2]
                            (output port)
  Path Group:             (none)
  Path Type:              Min at Fast Process Corner
  Data Path Delay:        3.603ns  (logic 1.529ns (42.446%)  route 2.074ns (57.554%))
  Logic Levels:           4  (LUT5=1 LUT6=2 OBUF=1)
  Clock Uncertainty:      0.025ns  ((TSJ^2 + TIJ^2)^1/2 + DJ) / 2 + PE
    Total System Jitter     (TSJ):    0.050ns
    Total Input Jitter      (TIJ):    0.000ns
    Discrete Jitter          (DJ):    0.000ns
    Phase Error              (PE):    0.000ns

    Location             Delay type                Incr(ns)  Path(ns)    Netlist Resource(s)
  -------------------------------------------------------------------    -------------------
                         (clock sys_clk_pin rise edge)
                                                      0.000     0.000 r  
    E3                                                0.000     0.000 r  CLK100MHZ (IN)
                         net (fo=0)                   0.000     0.000    CLK100MHZ
    E3                   IBUF (Prop_ibuf_I_O)         0.250     0.250 r  CLK100MHZ_IBUF_inst/O
                         net (fo=1, routed)           0.644     0.894    CLK100MHZ_IBUF
    BUFGCTRL_X0Y16       BUFG (Prop_bufg_I_O)         0.026     0.920 r  CLK100MHZ_IBUF_BUFG_inst/O
                         net (fo=290, routed)         0.595     1.514    u_pdm_decoder/CLK100MHZ_IBUF_BUFG
    SLICE_X72Y95         FDRE                                         r  u_pdm_decoder/pcm_sample_reg[1]/C
  -------------------------------------------------------------------    -------------------
    SLICE_X72Y95         FDRE (Prop_fdre_C_Q)         0.141     1.655 r  u_pdm_decoder/pcm_sample_reg[1]/Q
                         net (fo=10, routed)          0.317     1.972    u_pdm_decoder/Q[1]
    SLICE_X64Y94         LUT6 (Prop_lut6_I0_O)        0.045     2.017 f  u_pdm_decoder/LED_OBUF[14]_inst_i_9/O
                         net (fo=3, routed)           0.130     2.147    u_pdm_decoder/LED_OBUF[14]_inst_i_9_n_0
    SLICE_X62Y94         LUT6 (Prop_lut6_I3_O)        0.045     2.192 f  u_pdm_decoder/LED_OBUF[10]_inst_i_2/O
                         net (fo=2, routed)           0.422     2.613    u_pdm_decoder/LED_OBUF[10]_inst_i_2_n_0
    SLICE_X59Y94         LUT5 (Prop_lut5_I0_O)        0.045     2.658 r  u_pdm_decoder/LED_OBUF[2]_inst_i_1/O
                         net (fo=1, routed)           1.206     3.864    LED_OBUF[2]
    J13                  OBUF (Prop_obuf_I_O)         1.253     5.117 r  LED_OBUF[2]_inst/O
                         net (fo=0)                   0.000     5.117    LED[2]
    J13                                                               r  LED[2] (OUT)
  -------------------------------------------------------------------    -------------------

Slack:                    inf
  Source:                 FSM_sequential_state_reg[1]/C
                            (rising edge-triggered cell FDRE clocked by sys_clk_pin  {rise@0.000ns fall@5.000ns period=10.000ns})
  Destination:            LED[0]
                            (output port)
  Path Group:             (none)
  Path Type:              Min at Fast Process Corner
  Data Path Delay:        3.732ns  (logic 1.407ns (37.710%)  route 2.325ns (62.290%))
  Logic Levels:           2  (LUT2=1 OBUF=1)
  Clock Uncertainty:      0.025ns  ((TSJ^2 + TIJ^2)^1/2 + DJ) / 2 + PE
    Total System Jitter     (TSJ):    0.050ns
    Total Input Jitter      (TIJ):    0.000ns
    Discrete Jitter          (DJ):    0.000ns
    Phase Error              (PE):    0.000ns

    Location             Delay type                Incr(ns)  Path(ns)    Netlist Resource(s)
  -------------------------------------------------------------------    -------------------
                         (clock sys_clk_pin rise edge)
                                                      0.000     0.000 r  
    E3                                                0.000     0.000 r  CLK100MHZ (IN)
                         net (fo=0)                   0.000     0.000    CLK100MHZ
    E3                   IBUF (Prop_ibuf_I_O)         0.250     0.250 r  CLK100MHZ_IBUF_inst/O
                         net (fo=1, routed)           0.644     0.894    CLK100MHZ_IBUF
    BUFGCTRL_X0Y16       BUFG (Prop_bufg_I_O)         0.026     0.920 r  CLK100MHZ_IBUF_BUFG_inst/O
                         net (fo=290, routed)         0.567     1.486    CLK100MHZ_IBUF_BUFG
    SLICE_X69Y90         FDRE                                         r  FSM_sequential_state_reg[1]/C
  -------------------------------------------------------------------    -------------------
    SLICE_X69Y90         FDRE (Prop_fdre_C_Q)         0.141     1.627 r  FSM_sequential_state_reg[1]/Q
                         net (fo=137, routed)         1.161     2.789    state[1]
    SLICE_X62Y107        LUT2 (Prop_lut2_I1_O)        0.045     2.834 r  LED_OBUF[0]_inst_i_1/O
                         net (fo=1, routed)           1.163     3.997    LED_OBUF[0]
    H17                  OBUF (Prop_obuf_I_O)         1.221     5.218 r  LED_OBUF[0]_inst/O
                         net (fo=0)                   0.000     5.218    LED[0]
    H17                                                               r  LED[0] (OUT)
  -------------------------------------------------------------------    -------------------





--------------------------------------------------------------------------------------
Path Group:  (none)
From Clock:  
  To Clock:  sys_clk_pin

Max Delay           224 Endpoints
Min Delay           224 Endpoints
--------------------------------------------------------------------------------------


Max Delay Paths
--------------------------------------------------------------------------------------
Slack:                    inf
  Source:                 CPU_RESETN
                            (input port)
  Destination:            u_pdm_decoder/m_clk_reg/R
                            (rising edge-triggered cell FDRE clocked by sys_clk_pin  {rise@0.000ns fall@5.000ns period=10.000ns})
  Path Group:             (none)
  Path Type:              Setup (Max at Slow Process Corner)
  Data Path Delay:        9.905ns  (logic 1.653ns (16.688%)  route 8.252ns (83.312%))
  Logic Levels:           2  (IBUF=1 LUT1=1)
  Clock Path Skew:        5.021ns (DCD - SCD + CPR)
    Destination Clock Delay (DCD):    5.021ns
    Source Clock Delay      (SCD):    0.000ns
    Clock Pessimism Removal (CPR):    0.000ns
  Clock Uncertainty:      0.025ns  ((TSJ^2 + TIJ^2)^1/2 + DJ) / 2 + PE
    Total System Jitter     (TSJ):    0.050ns
    Total Input Jitter      (TIJ):    0.000ns
    Discrete Jitter          (DJ):    0.000ns
    Phase Error              (PE):    0.000ns

    Location             Delay type                Incr(ns)  Path(ns)    Netlist Resource(s)
  -------------------------------------------------------------------    -------------------
    C12                                               0.000     0.000 f  CPU_RESETN (IN)
                         net (fo=0)                   0.000     0.000    CPU_RESETN
    C12                  IBUF (Prop_ibuf_I_O)         1.507     1.507 f  CPU_RESETN_IBUF_inst/O
                         net (fo=13, routed)          5.227     6.734    u_uart_tx/CPU_RESETN_IBUF
    SLICE_X74Y90         LUT1 (Prop_lut1_I0_O)        0.146     6.880 r  u_uart_tx/FSM_sequential_state[1]_i_1__0/O
                         net (fo=65, routed)          3.025     9.905    u_pdm_decoder/AR[0]
    SLICE_X75Y99         FDRE                                         r  u_pdm_decoder/m_clk_reg/R
  -------------------------------------------------------------------    -------------------

                         (clock sys_clk_pin rise edge)
                                                      0.000     0.000 r  
    E3                                                0.000     0.000 r  CLK100MHZ (IN)
                         net (fo=0)                   0.000     0.000    CLK100MHZ
    E3                   IBUF (Prop_ibuf_I_O)         1.411     1.411 r  CLK100MHZ_IBUF_inst/O
                         net (fo=1, routed)           1.920     3.331    CLK100MHZ_IBUF
    BUFGCTRL_X0Y16       BUFG (Prop_bufg_I_O)         0.091     3.422 r  CLK100MHZ_IBUF_BUFG_inst/O
                         net (fo=290, routed)         1.598     5.021    u_pdm_decoder/CLK100MHZ_IBUF_BUFG
    SLICE_X75Y99         FDRE                                         r  u_pdm_decoder/m_clk_reg/C

Slack:                    inf
  Source:                 CPU_RESETN
                            (input port)
  Destination:            u_pdm_decoder/m_data_sync_reg[0]/R
                            (rising edge-triggered cell FDRE clocked by sys_clk_pin  {rise@0.000ns fall@5.000ns period=10.000ns})
  Path Group:             (none)
  Path Type:              Setup (Max at Slow Process Corner)
  Data Path Delay:        9.905ns  (logic 1.653ns (16.688%)  route 8.252ns (83.312%))
  Logic Levels:           2  (IBUF=1 LUT1=1)
  Clock Path Skew:        5.021ns (DCD - SCD + CPR)
    Destination Clock Delay (DCD):    5.021ns
    Source Clock Delay      (SCD):    0.000ns
    Clock Pessimism Removal (CPR):    0.000ns
  Clock Uncertainty:      0.025ns  ((TSJ^2 + TIJ^2)^1/2 + DJ) / 2 + PE
    Total System Jitter     (TSJ):    0.050ns
    Total Input Jitter      (TIJ):    0.000ns
    Discrete Jitter          (DJ):    0.000ns
    Phase Error              (PE):    0.000ns

    Location             Delay type                Incr(ns)  Path(ns)    Netlist Resource(s)
  -------------------------------------------------------------------    -------------------
    C12                                               0.000     0.000 f  CPU_RESETN (IN)
                         net (fo=0)                   0.000     0.000    CPU_RESETN
    C12                  IBUF (Prop_ibuf_I_O)         1.507     1.507 f  CPU_RESETN_IBUF_inst/O
                         net (fo=13, routed)          5.227     6.734    u_uart_tx/CPU_RESETN_IBUF
    SLICE_X74Y90         LUT1 (Prop_lut1_I0_O)        0.146     6.880 r  u_uart_tx/FSM_sequential_state[1]_i_1__0/O
                         net (fo=65, routed)          3.025     9.905    u_pdm_decoder/AR[0]
    SLICE_X75Y99         FDRE                                         r  u_pdm_decoder/m_data_sync_reg[0]/R
  -------------------------------------------------------------------    -------------------

                         (clock sys_clk_pin rise edge)
                                                      0.000     0.000 r  
    E3                                                0.000     0.000 r  CLK100MHZ (IN)
                         net (fo=0)                   0.000     0.000    CLK100MHZ
    E3                   IBUF (Prop_ibuf_I_O)         1.411     1.411 r  CLK100MHZ_IBUF_inst/O
                         net (fo=1, routed)           1.920     3.331    CLK100MHZ_IBUF
    BUFGCTRL_X0Y16       BUFG (Prop_bufg_I_O)         0.091     3.422 r  CLK100MHZ_IBUF_BUFG_inst/O
                         net (fo=290, routed)         1.598     5.021    u_pdm_decoder/CLK100MHZ_IBUF_BUFG
    SLICE_X75Y99         FDRE                                         r  u_pdm_decoder/m_data_sync_reg[0]/C

Slack:                    inf
  Source:                 CPU_RESETN
                            (input port)
  Destination:            u_pdm_decoder/m_data_sync_reg[1]/R
                            (rising edge-triggered cell FDRE clocked by sys_clk_pin  {rise@0.000ns fall@5.000ns period=10.000ns})
  Path Group:             (none)
  Path Type:              Setup (Max at Slow Process Corner)
  Data Path Delay:        9.905ns  (logic 1.653ns (16.688%)  route 8.252ns (83.312%))
  Logic Levels:           2  (IBUF=1 LUT1=1)
  Clock Path Skew:        5.021ns (DCD - SCD + CPR)
    Destination Clock Delay (DCD):    5.021ns
    Source Clock Delay      (SCD):    0.000ns
    Clock Pessimism Removal (CPR):    0.000ns
  Clock Uncertainty:      0.025ns  ((TSJ^2 + TIJ^2)^1/2 + DJ) / 2 + PE
    Total System Jitter     (TSJ):    0.050ns
    Total Input Jitter      (TIJ):    0.000ns
    Discrete Jitter          (DJ):    0.000ns
    Phase Error              (PE):    0.000ns

    Location             Delay type                Incr(ns)  Path(ns)    Netlist Resource(s)
  -------------------------------------------------------------------    -------------------
    C12                                               0.000     0.000 f  CPU_RESETN (IN)
                         net (fo=0)                   0.000     0.000    CPU_RESETN
    C12                  IBUF (Prop_ibuf_I_O)         1.507     1.507 f  CPU_RESETN_IBUF_inst/O
                         net (fo=13, routed)          5.227     6.734    u_uart_tx/CPU_RESETN_IBUF
    SLICE_X74Y90         LUT1 (Prop_lut1_I0_O)        0.146     6.880 r  u_uart_tx/FSM_sequential_state[1]_i_1__0/O
                         net (fo=65, routed)          3.025     9.905    u_pdm_decoder/AR[0]
    SLICE_X75Y99         FDRE                                         r  u_pdm_decoder/m_data_sync_reg[1]/R
  -------------------------------------------------------------------    -------------------

                         (clock sys_clk_pin rise edge)
                                                      0.000     0.000 r  
    E3                                                0.000     0.000 r  CLK100MHZ (IN)
                         net (fo=0)                   0.000     0.000    CLK100MHZ
    E3                   IBUF (Prop_ibuf_I_O)         1.411     1.411 r  CLK100MHZ_IBUF_inst/O
                         net (fo=1, routed)           1.920     3.331    CLK100MHZ_IBUF
    BUFGCTRL_X0Y16       BUFG (Prop_bufg_I_O)         0.091     3.422 r  CLK100MHZ_IBUF_BUFG_inst/O
                         net (fo=290, routed)         1.598     5.021    u_pdm_decoder/CLK100MHZ_IBUF_BUFG
    SLICE_X75Y99         FDRE                                         r  u_pdm_decoder/m_data_sync_reg[1]/C

Slack:                    inf
  Source:                 CPU_RESETN
                            (input port)
  Destination:            u_pdm_decoder/pcm_sample_reg[5]/R
                            (rising edge-triggered cell FDRE clocked by sys_clk_pin  {rise@0.000ns fall@5.000ns period=10.000ns})
  Path Group:             (none)
  Path Type:              Setup (Max at Slow Process Corner)
  Data Path Delay:        9.877ns  (logic 1.653ns (16.736%)  route 8.224ns (83.264%))
  Logic Levels:           2  (IBUF=1 LUT1=1)
  Clock Path Skew:        5.019ns (DCD - SCD + CPR)
    Destination Clock Delay (DCD):    5.019ns
    Source Clock Delay      (SCD):    0.000ns
    Clock Pessimism Removal (CPR):    0.000ns
  Clock Uncertainty:      0.025ns  ((TSJ^2 + TIJ^2)^1/2 + DJ) / 2 + PE
    Total System Jitter     (TSJ):    0.050ns
    Total Input Jitter      (TIJ):    0.000ns
    Discrete Jitter          (DJ):    0.000ns
    Phase Error              (PE):    0.000ns

    Location             Delay type                Incr(ns)  Path(ns)    Netlist Resource(s)
  -------------------------------------------------------------------    -------------------
    C12                                               0.000     0.000 f  CPU_RESETN (IN)
                         net (fo=0)                   0.000     0.000    CPU_RESETN
    C12                  IBUF (Prop_ibuf_I_O)         1.507     1.507 f  CPU_RESETN_IBUF_inst/O
                         net (fo=13, routed)          5.227     6.734    u_uart_tx/CPU_RESETN_IBUF
    SLICE_X74Y90         LUT1 (Prop_lut1_I0_O)        0.146     6.880 r  u_uart_tx/FSM_sequential_state[1]_i_1__0/O
                         net (fo=65, routed)          2.997     9.877    u_pdm_decoder/AR[0]
    SLICE_X72Y99         FDRE                                         r  u_pdm_decoder/pcm_sample_reg[5]/R
  -------------------------------------------------------------------    -------------------

                         (clock sys_clk_pin rise edge)
                                                      0.000     0.000 r  
    E3                                                0.000     0.000 r  CLK100MHZ (IN)
                         net (fo=0)                   0.000     0.000    CLK100MHZ
    E3                   IBUF (Prop_ibuf_I_O)         1.411     1.411 r  CLK100MHZ_IBUF_inst/O
                         net (fo=1, routed)           1.920     3.331    CLK100MHZ_IBUF
    BUFGCTRL_X0Y16       BUFG (Prop_bufg_I_O)         0.091     3.422 r  CLK100MHZ_IBUF_BUFG_inst/O
                         net (fo=290, routed)         1.596     5.019    u_pdm_decoder/CLK100MHZ_IBUF_BUFG
    SLICE_X72Y99         FDRE                                         r  u_pdm_decoder/pcm_sample_reg[5]/C

Slack:                    inf
  Source:                 CPU_RESETN
                            (input port)
  Destination:            u_pdm_decoder/pcm_sample_reg[6]/S
                            (rising edge-triggered cell FDSE clocked by sys_clk_pin  {rise@0.000ns fall@5.000ns period=10.000ns})
  Path Group:             (none)
  Path Type:              Setup (Max at Slow Process Corner)
  Data Path Delay:        9.877ns  (logic 1.653ns (16.736%)  route 8.224ns (83.264%))
  Logic Levels:           2  (IBUF=1 LUT1=1)
  Clock Path Skew:        5.019ns (DCD - SCD + CPR)
    Destination Clock Delay (DCD):    5.019ns
    Source Clock Delay      (SCD):    0.000ns
    Clock Pessimism Removal (CPR):    0.000ns
  Clock Uncertainty:      0.025ns  ((TSJ^2 + TIJ^2)^1/2 + DJ) / 2 + PE
    Total System Jitter     (TSJ):    0.050ns
    Total Input Jitter      (TIJ):    0.000ns
    Discrete Jitter          (DJ):    0.000ns
    Phase Error              (PE):    0.000ns

    Location             Delay type                Incr(ns)  Path(ns)    Netlist Resource(s)
  -------------------------------------------------------------------    -------------------
    C12                                               0.000     0.000 f  CPU_RESETN (IN)
                         net (fo=0)                   0.000     0.000    CPU_RESETN
    C12                  IBUF (Prop_ibuf_I_O)         1.507     1.507 f  CPU_RESETN_IBUF_inst/O
                         net (fo=13, routed)          5.227     6.734    u_uart_tx/CPU_RESETN_IBUF
    SLICE_X74Y90         LUT1 (Prop_lut1_I0_O)        0.146     6.880 r  u_uart_tx/FSM_sequential_state[1]_i_1__0/O
                         net (fo=65, routed)          2.997     9.877    u_pdm_decoder/AR[0]
    SLICE_X72Y99         FDSE                                         r  u_pdm_decoder/pcm_sample_reg[6]/S
  -------------------------------------------------------------------    -------------------

                         (clock sys_clk_pin rise edge)
                                                      0.000     0.000 r  
    E3                                                0.000     0.000 r  CLK100MHZ (IN)
                         net (fo=0)                   0.000     0.000    CLK100MHZ
    E3                   IBUF (Prop_ibuf_I_O)         1.411     1.411 r  CLK100MHZ_IBUF_inst/O
                         net (fo=1, routed)           1.920     3.331    CLK100MHZ_IBUF
    BUFGCTRL_X0Y16       BUFG (Prop_bufg_I_O)         0.091     3.422 r  CLK100MHZ_IBUF_BUFG_inst/O
                         net (fo=290, routed)         1.596     5.019    u_pdm_decoder/CLK100MHZ_IBUF_BUFG
    SLICE_X72Y99         FDSE                                         r  u_pdm_decoder/pcm_sample_reg[6]/C

Slack:                    inf
  Source:                 CPU_RESETN
                            (input port)
  Destination:            u_pdm_decoder/pcm_sample_reg[7]/R
                            (rising edge-triggered cell FDRE clocked by sys_clk_pin  {rise@0.000ns fall@5.000ns period=10.000ns})
  Path Group:             (none)
  Path Type:              Setup (Max at Slow Process Corner)
  Data Path Delay:        9.877ns  (logic 1.653ns (16.736%)  route 8.224ns (83.264%))
  Logic Levels:           2  (IBUF=1 LUT1=1)
  Clock Path Skew:        5.019ns (DCD - SCD + CPR)
    Destination Clock Delay (DCD):    5.019ns
    Source Clock Delay      (SCD):    0.000ns
    Clock Pessimism Removal (CPR):    0.000ns
  Clock Uncertainty:      0.025ns  ((TSJ^2 + TIJ^2)^1/2 + DJ) / 2 + PE
    Total System Jitter     (TSJ):    0.050ns
    Total Input Jitter      (TIJ):    0.000ns
    Discrete Jitter          (DJ):    0.000ns
    Phase Error              (PE):    0.000ns

    Location             Delay type                Incr(ns)  Path(ns)    Netlist Resource(s)
  -------------------------------------------------------------------    -------------------
    C12                                               0.000     0.000 f  CPU_RESETN (IN)
                         net (fo=0)                   0.000     0.000    CPU_RESETN
    C12                  IBUF (Prop_ibuf_I_O)         1.507     1.507 f  CPU_RESETN_IBUF_inst/O
                         net (fo=13, routed)          5.227     6.734    u_uart_tx/CPU_RESETN_IBUF
    SLICE_X74Y90         LUT1 (Prop_lut1_I0_O)        0.146     6.880 r  u_uart_tx/FSM_sequential_state[1]_i_1__0/O
                         net (fo=65, routed)          2.997     9.877    u_pdm_decoder/AR[0]
    SLICE_X72Y99         FDRE                                         r  u_pdm_decoder/pcm_sample_reg[7]/R
  -------------------------------------------------------------------    -------------------

                         (clock sys_clk_pin rise edge)
                                                      0.000     0.000 r  
    E3                                                0.000     0.000 r  CLK100MHZ (IN)
                         net (fo=0)                   0.000     0.000    CLK100MHZ
    E3                   IBUF (Prop_ibuf_I_O)         1.411     1.411 r  CLK100MHZ_IBUF_inst/O
                         net (fo=1, routed)           1.920     3.331    CLK100MHZ_IBUF
    BUFGCTRL_X0Y16       BUFG (Prop_bufg_I_O)         0.091     3.422 r  CLK100MHZ_IBUF_BUFG_inst/O
                         net (fo=290, routed)         1.596     5.019    u_pdm_decoder/CLK100MHZ_IBUF_BUFG
    SLICE_X72Y99         FDRE                                         r  u_pdm_decoder/pcm_sample_reg[7]/C

Slack:                    inf
  Source:                 CPU_RESETN
                            (input port)
  Destination:            sw_0_meta_reg/R
                            (rising edge-triggered cell FDRE clocked by sys_clk_pin  {rise@0.000ns fall@5.000ns period=10.000ns})
  Path Group:             (none)
  Path Type:              Setup (Max at Slow Process Corner)
  Data Path Delay:        9.806ns  (logic 1.653ns (16.857%)  route 8.153ns (83.143%))
  Logic Levels:           2  (IBUF=1 LUT1=1)
  Clock Path Skew:        4.936ns (DCD - SCD + CPR)
    Destination Clock Delay (DCD):    4.936ns
    Source Clock Delay      (SCD):    0.000ns
    Clock Pessimism Removal (CPR):    0.000ns
  Clock Uncertainty:      0.025ns  ((TSJ^2 + TIJ^2)^1/2 + DJ) / 2 + PE
    Total System Jitter     (TSJ):    0.050ns
    Total Input Jitter      (TIJ):    0.000ns
    Discrete Jitter          (DJ):    0.000ns
    Phase Error              (PE):    0.000ns

    Location             Delay type                Incr(ns)  Path(ns)    Netlist Resource(s)
  -------------------------------------------------------------------    -------------------
    C12                                               0.000     0.000 f  CPU_RESETN (IN)
                         net (fo=0)                   0.000     0.000    CPU_RESETN
    C12                  IBUF (Prop_ibuf_I_O)         1.507     1.507 f  CPU_RESETN_IBUF_inst/O
                         net (fo=13, routed)          5.227     6.734    u_uart_tx/CPU_RESETN_IBUF
    SLICE_X74Y90         LUT1 (Prop_lut1_I0_O)        0.146     6.880 r  u_uart_tx/FSM_sequential_state[1]_i_1__0/O
                         net (fo=65, routed)          2.926     9.806    rst
    SLICE_X67Y97         FDRE                                         r  sw_0_meta_reg/R
  -------------------------------------------------------------------    -------------------

                         (clock sys_clk_pin rise edge)
                                                      0.000     0.000 r  
    E3                                                0.000     0.000 r  CLK100MHZ (IN)
                         net (fo=0)                   0.000     0.000    CLK100MHZ
    E3                   IBUF (Prop_ibuf_I_O)         1.411     1.411 r  CLK100MHZ_IBUF_inst/O
                         net (fo=1, routed)           1.920     3.331    CLK100MHZ_IBUF
    BUFGCTRL_X0Y16       BUFG (Prop_bufg_I_O)         0.091     3.422 r  CLK100MHZ_IBUF_BUFG_inst/O
                         net (fo=290, routed)         1.513     4.936    CLK100MHZ_IBUF_BUFG
    SLICE_X67Y97         FDRE                                         r  sw_0_meta_reg/C

Slack:                    inf
  Source:                 CPU_RESETN
                            (input port)
  Destination:            sw_0_sync_reg/R
                            (rising edge-triggered cell FDRE clocked by sys_clk_pin  {rise@0.000ns fall@5.000ns period=10.000ns})
  Path Group:             (none)
  Path Type:              Setup (Max at Slow Process Corner)
  Data Path Delay:        9.806ns  (logic 1.653ns (16.857%)  route 8.153ns (83.143%))
  Logic Levels:           2  (IBUF=1 LUT1=1)
  Clock Path Skew:        4.936ns (DCD - SCD + CPR)
    Destination Clock Delay (DCD):    4.936ns
    Source Clock Delay      (SCD):    0.000ns
    Clock Pessimism Removal (CPR):    0.000ns
  Clock Uncertainty:      0.025ns  ((TSJ^2 + TIJ^2)^1/2 + DJ) / 2 + PE
    Total System Jitter     (TSJ):    0.050ns
    Total Input Jitter      (TIJ):    0.000ns
    Discrete Jitter          (DJ):    0.000ns
    Phase Error              (PE):    0.000ns

    Location             Delay type                Incr(ns)  Path(ns)    Netlist Resource(s)
  -------------------------------------------------------------------    -------------------
    C12                                               0.000     0.000 f  CPU_RESETN (IN)
                         net (fo=0)                   0.000     0.000    CPU_RESETN
    C12                  IBUF (Prop_ibuf_I_O)         1.507     1.507 f  CPU_RESETN_IBUF_inst/O
                         net (fo=13, routed)          5.227     6.734    u_uart_tx/CPU_RESETN_IBUF
    SLICE_X74Y90         LUT1 (Prop_lut1_I0_O)        0.146     6.880 r  u_uart_tx/FSM_sequential_state[1]_i_1__0/O
                         net (fo=65, routed)          2.926     9.806    rst
    SLICE_X66Y97         FDRE                                         r  sw_0_sync_reg/R
  -------------------------------------------------------------------    -------------------

                         (clock sys_clk_pin rise edge)
                                                      0.000     0.000 r  
    E3                                                0.000     0.000 r  CLK100MHZ (IN)
                         net (fo=0)                   0.000     0.000    CLK100MHZ
    E3                   IBUF (Prop_ibuf_I_O)         1.411     1.411 r  CLK100MHZ_IBUF_inst/O
                         net (fo=1, routed)           1.920     3.331    CLK100MHZ_IBUF
    BUFGCTRL_X0Y16       BUFG (Prop_bufg_I_O)         0.091     3.422 r  CLK100MHZ_IBUF_BUFG_inst/O
                         net (fo=290, routed)         1.513     4.936    CLK100MHZ_IBUF_BUFG
    SLICE_X66Y97         FDRE                                         r  sw_0_sync_reg/C

Slack:                    inf
  Source:                 CPU_RESETN
                            (input port)
  Destination:            u_uart_tx/FSM_sequential_state_reg[0]/R
                            (rising edge-triggered cell FDRE clocked by sys_clk_pin  {rise@0.000ns fall@5.000ns period=10.000ns})
  Path Group:             (none)
  Path Type:              Setup (Max at Slow Process Corner)
  Data Path Delay:        9.806ns  (logic 1.653ns (16.857%)  route 8.153ns (83.143%))
  Logic Levels:           2  (IBUF=1 LUT1=1)
  Clock Path Skew:        4.936ns (DCD - SCD + CPR)
    Destination Clock Delay (DCD):    4.936ns
    Source Clock Delay      (SCD):    0.000ns
    Clock Pessimism Removal (CPR):    0.000ns
  Clock Uncertainty:      0.025ns  ((TSJ^2 + TIJ^2)^1/2 + DJ) / 2 + PE
    Total System Jitter     (TSJ):    0.050ns
    Total Input Jitter      (TIJ):    0.000ns
    Discrete Jitter          (DJ):    0.000ns
    Phase Error              (PE):    0.000ns

    Location             Delay type                Incr(ns)  Path(ns)    Netlist Resource(s)
  -------------------------------------------------------------------    -------------------
    C12                                               0.000     0.000 f  CPU_RESETN (IN)
                         net (fo=0)                   0.000     0.000    CPU_RESETN
    C12                  IBUF (Prop_ibuf_I_O)         1.507     1.507 f  CPU_RESETN_IBUF_inst/O
                         net (fo=13, routed)          5.227     6.734    u_uart_tx/CPU_RESETN_IBUF
    SLICE_X74Y90         LUT1 (Prop_lut1_I0_O)        0.146     6.880 r  u_uart_tx/FSM_sequential_state[1]_i_1__0/O
                         net (fo=65, routed)          2.926     9.806    u_uart_tx/AR[0]
    SLICE_X67Y97         FDRE                                         r  u_uart_tx/FSM_sequential_state_reg[0]/R
  -------------------------------------------------------------------    -------------------

                         (clock sys_clk_pin rise edge)
                                                      0.000     0.000 r  
    E3                                                0.000     0.000 r  CLK100MHZ (IN)
                         net (fo=0)                   0.000     0.000    CLK100MHZ
    E3                   IBUF (Prop_ibuf_I_O)         1.411     1.411 r  CLK100MHZ_IBUF_inst/O
                         net (fo=1, routed)           1.920     3.331    CLK100MHZ_IBUF
    BUFGCTRL_X0Y16       BUFG (Prop_bufg_I_O)         0.091     3.422 r  CLK100MHZ_IBUF_BUFG_inst/O
                         net (fo=290, routed)         1.513     4.936    u_uart_tx/CLK100MHZ_IBUF_BUFG
    SLICE_X67Y97         FDRE                                         r  u_uart_tx/FSM_sequential_state_reg[0]/C

Slack:                    inf
  Source:                 CPU_RESETN
                            (input port)
  Destination:            u_uart_tx/FSM_sequential_state_reg[1]/R
                            (rising edge-triggered cell FDRE clocked by sys_clk_pin  {rise@0.000ns fall@5.000ns period=10.000ns})
  Path Group:             (none)
  Path Type:              Setup (Max at Slow Process Corner)
  Data Path Delay:        9.806ns  (logic 1.653ns (16.857%)  route 8.153ns (83.143%))
  Logic Levels:           2  (IBUF=1 LUT1=1)
  Clock Path Skew:        4.936ns (DCD - SCD + CPR)
    Destination Clock Delay (DCD):    4.936ns
    Source Clock Delay      (SCD):    0.000ns
    Clock Pessimism Removal (CPR):    0.000ns
  Clock Uncertainty:      0.025ns  ((TSJ^2 + TIJ^2)^1/2 + DJ) / 2 + PE
    Total System Jitter     (TSJ):    0.050ns
    Total Input Jitter      (TIJ):    0.000ns
    Discrete Jitter          (DJ):    0.000ns
    Phase Error              (PE):    0.000ns

    Location             Delay type                Incr(ns)  Path(ns)    Netlist Resource(s)
  -------------------------------------------------------------------    -------------------
    C12                                               0.000     0.000 f  CPU_RESETN (IN)
                         net (fo=0)                   0.000     0.000    CPU_RESETN
    C12                  IBUF (Prop_ibuf_I_O)         1.507     1.507 f  CPU_RESETN_IBUF_inst/O
                         net (fo=13, routed)          5.227     6.734    u_uart_tx/CPU_RESETN_IBUF
    SLICE_X74Y90         LUT1 (Prop_lut1_I0_O)        0.146     6.880 r  u_uart_tx/FSM_sequential_state[1]_i_1__0/O
                         net (fo=65, routed)          2.926     9.806    u_uart_tx/AR[0]
    SLICE_X67Y97         FDRE                                         r  u_uart_tx/FSM_sequential_state_reg[1]/R
  -------------------------------------------------------------------    -------------------

                         (clock sys_clk_pin rise edge)
                                                      0.000     0.000 r  
    E3                                                0.000     0.000 r  CLK100MHZ (IN)
                         net (fo=0)                   0.000     0.000    CLK100MHZ
    E3                   IBUF (Prop_ibuf_I_O)         1.411     1.411 r  CLK100MHZ_IBUF_inst/O
                         net (fo=1, routed)           1.920     3.331    CLK100MHZ_IBUF
    BUFGCTRL_X0Y16       BUFG (Prop_bufg_I_O)         0.091     3.422 r  CLK100MHZ_IBUF_BUFG_inst/O
                         net (fo=290, routed)         1.513     4.936    u_uart_tx/CLK100MHZ_IBUF_BUFG
    SLICE_X67Y97         FDRE                                         r  u_uart_tx/FSM_sequential_state_reg[1]/C





Min Delay Paths
--------------------------------------------------------------------------------------
Slack:                    inf
  Source:                 M_DATA
                            (input port)
  Destination:            u_pdm_decoder/m_data_sync_reg[0]/D
                            (rising edge-triggered cell FDRE clocked by sys_clk_pin  {rise@0.000ns fall@5.000ns period=10.000ns})
  Path Group:             (none)
  Path Type:              Hold (Min at Fast Process Corner)
  Data Path Delay:        0.888ns  (logic 0.243ns (27.342%)  route 0.645ns (72.658%))
  Logic Levels:           1  (IBUF=1)
  Clock Path Skew:        2.036ns (DCD - SCD - CPR)
    Destination Clock Delay (DCD):    2.036ns
    Source Clock Delay      (SCD):    0.000ns
    Clock Pessimism Removal (CPR):    -0.000ns

    Location             Delay type                Incr(ns)  Path(ns)    Netlist Resource(s)
  -------------------------------------------------------------------    -------------------
    H5                                                0.000     0.000 r  M_DATA (IN)
                         net (fo=0)                   0.000     0.000    M_DATA
    H5                   IBUF (Prop_ibuf_I_O)         0.243     0.243 r  M_DATA_IBUF_inst/O
                         net (fo=1, routed)           0.645     0.888    u_pdm_decoder/m_data_sync_reg[0]_0[0]
    SLICE_X75Y99         FDRE                                         r  u_pdm_decoder/m_data_sync_reg[0]/D
  -------------------------------------------------------------------    -------------------

                         (clock sys_clk_pin rise edge)
                                                      0.000     0.000 r  
    E3                                                0.000     0.000 r  CLK100MHZ (IN)
                         net (fo=0)                   0.000     0.000    CLK100MHZ
    E3                   IBUF (Prop_ibuf_I_O)         0.438     0.438 r  CLK100MHZ_IBUF_inst/O
                         net (fo=1, routed)           0.699     1.136    CLK100MHZ_IBUF
    BUFGCTRL_X0Y16       BUFG (Prop_bufg_I_O)         0.029     1.165 r  CLK100MHZ_IBUF_BUFG_inst/O
                         net (fo=290, routed)         0.871     2.036    u_pdm_decoder/CLK100MHZ_IBUF_BUFG
    SLICE_X75Y99         FDRE                                         r  u_pdm_decoder/m_data_sync_reg[0]/C

Slack:                    inf
  Source:                 SW_0
                            (input port)
  Destination:            sw_0_meta_reg/D
                            (rising edge-triggered cell FDRE clocked by sys_clk_pin  {rise@0.000ns fall@5.000ns period=10.000ns})
  Path Group:             (none)
  Path Type:              Hold (Min at Fast Process Corner)
  Data Path Delay:        1.358ns  (logic 0.245ns (18.068%)  route 1.113ns (81.932%))
  Logic Levels:           1  (IBUF=1)
  Clock Path Skew:        2.006ns (DCD - SCD - CPR)
    Destination Clock Delay (DCD):    2.006ns
    Source Clock Delay      (SCD):    0.000ns
    Clock Pessimism Removal (CPR):    -0.000ns

    Location             Delay type                Incr(ns)  Path(ns)    Netlist Resource(s)
  -------------------------------------------------------------------    -------------------
    J15                                               0.000     0.000 r  SW_0 (IN)
                         net (fo=0)                   0.000     0.000    SW_0
    J15                  IBUF (Prop_ibuf_I_O)         0.245     0.245 r  SW_0_IBUF_inst/O
                         net (fo=1, routed)           1.113     1.358    SW_0_IBUF
    SLICE_X67Y97         FDRE                                         r  sw_0_meta_reg/D
  -------------------------------------------------------------------    -------------------

                         (clock sys_clk_pin rise edge)
                                                      0.000     0.000 r  
    E3                                                0.000     0.000 r  CLK100MHZ (IN)
                         net (fo=0)                   0.000     0.000    CLK100MHZ
    E3                   IBUF (Prop_ibuf_I_O)         0.438     0.438 r  CLK100MHZ_IBUF_inst/O
                         net (fo=1, routed)           0.699     1.136    CLK100MHZ_IBUF
    BUFGCTRL_X0Y16       BUFG (Prop_bufg_I_O)         0.029     1.165 r  CLK100MHZ_IBUF_BUFG_inst/O
                         net (fo=290, routed)         0.841     2.006    CLK100MHZ_IBUF_BUFG
    SLICE_X67Y97         FDRE                                         r  sw_0_meta_reg/C

Slack:                    inf
  Source:                 SW_14
                            (input port)
  Destination:            sw_14_meta_reg/D
                            (rising edge-triggered cell FDRE clocked by sys_clk_pin  {rise@0.000ns fall@5.000ns period=10.000ns})
  Path Group:             (none)
  Path Type:              Hold (Min at Fast Process Corner)
  Data Path Delay:        1.853ns  (logic 0.277ns (14.972%)  route 1.576ns (85.028%))
  Logic Levels:           1  (IBUF=1)
  Clock Path Skew:        2.004ns (DCD - SCD - CPR)
    Destination Clock Delay (DCD):    2.004ns
    Source Clock Delay      (SCD):    0.000ns
    Clock Pessimism Removal (CPR):    -0.000ns

    Location             Delay type                Incr(ns)  Path(ns)    Netlist Resource(s)
  -------------------------------------------------------------------    -------------------
    U11                                               0.000     0.000 r  SW_14 (IN)
                         net (fo=0)                   0.000     0.000    SW_14
    U11                  IBUF (Prop_ibuf_I_O)         0.277     0.277 r  SW_14_IBUF_inst/O
                         net (fo=1, routed)           1.576     1.853    SW_14_IBUF
    SLICE_X65Y91         FDRE                                         r  sw_14_meta_reg/D
  -------------------------------------------------------------------    -------------------

                         (clock sys_clk_pin rise edge)
                                                      0.000     0.000 r  
    E3                                                0.000     0.000 r  CLK100MHZ (IN)
                         net (fo=0)                   0.000     0.000    CLK100MHZ
    E3                   IBUF (Prop_ibuf_I_O)         0.438     0.438 r  CLK100MHZ_IBUF_inst/O
                         net (fo=1, routed)           0.699     1.136    CLK100MHZ_IBUF
    BUFGCTRL_X0Y16       BUFG (Prop_bufg_I_O)         0.029     1.165 r  CLK100MHZ_IBUF_BUFG_inst/O
                         net (fo=290, routed)         0.839     2.004    CLK100MHZ_IBUF_BUFG
    SLICE_X65Y91         FDRE                                         r  sw_14_meta_reg/C

Slack:                    inf
  Source:                 SW_15
                            (input port)
  Destination:            sw_15_meta_reg/D
                            (rising edge-triggered cell FDRE clocked by sys_clk_pin  {rise@0.000ns fall@5.000ns period=10.000ns})
  Path Group:             (none)
  Path Type:              Hold (Min at Fast Process Corner)
  Data Path Delay:        1.935ns  (logic 0.292ns (15.067%)  route 1.643ns (84.933%))
  Logic Levels:           1  (IBUF=1)
  Clock Path Skew:        2.004ns (DCD - SCD - CPR)
    Destination Clock Delay (DCD):    2.004ns
    Source Clock Delay      (SCD):    0.000ns
    Clock Pessimism Removal (CPR):    -0.000ns

    Location             Delay type                Incr(ns)  Path(ns)    Netlist Resource(s)
  -------------------------------------------------------------------    -------------------
    V10                                               0.000     0.000 r  SW_15 (IN)
                         net (fo=0)                   0.000     0.000    SW_15
    V10                  IBUF (Prop_ibuf_I_O)         0.292     0.292 r  SW_15_IBUF_inst/O
                         net (fo=1, routed)           1.643     1.935    SW_15_IBUF
    SLICE_X69Y91         FDRE                                         r  sw_15_meta_reg/D
  -------------------------------------------------------------------    -------------------

                         (clock sys_clk_pin rise edge)
                                                      0.000     0.000 r  
    E3                                                0.000     0.000 r  CLK100MHZ (IN)
                         net (fo=0)                   0.000     0.000    CLK100MHZ
    E3                   IBUF (Prop_ibuf_I_O)         0.438     0.438 r  CLK100MHZ_IBUF_inst/O
                         net (fo=1, routed)           0.699     1.136    CLK100MHZ_IBUF
    BUFGCTRL_X0Y16       BUFG (Prop_bufg_I_O)         0.029     1.165 r  CLK100MHZ_IBUF_BUFG_inst/O
                         net (fo=290, routed)         0.839     2.004    CLK100MHZ_IBUF_BUFG
    SLICE_X69Y91         FDRE                                         r  sw_15_meta_reg/C

Slack:                    inf
  Source:                 CPU_RESETN
                            (input port)
  Destination:            send_issued_reg/D
                            (rising edge-triggered cell FDRE clocked by sys_clk_pin  {rise@0.000ns fall@5.000ns period=10.000ns})
  Path Group:             (none)
  Path Type:              Hold (Min at Fast Process Corner)
  Data Path Delay:        2.140ns  (logic 0.320ns (14.932%)  route 1.821ns (85.068%))
  Logic Levels:           2  (IBUF=1 LUT6=1)
  Clock Path Skew:        2.004ns (DCD - SCD - CPR)
    Destination Clock Delay (DCD):    2.004ns
    Source Clock Delay      (SCD):    0.000ns
    Clock Pessimism Removal (CPR):    -0.000ns

    Location             Delay type                Incr(ns)  Path(ns)    Netlist Resource(s)
  -------------------------------------------------------------------    -------------------
    C12                                               0.000     0.000 r  CPU_RESETN (IN)
                         net (fo=0)                   0.000     0.000    CPU_RESETN
    C12                  IBUF (Prop_ibuf_I_O)         0.275     0.275 r  CPU_RESETN_IBUF_inst/O
                         net (fo=13, routed)          1.821     2.095    u_uart_tx/CPU_RESETN_IBUF
    SLICE_X66Y92         LUT6 (Prop_lut6_I4_O)        0.045     2.140 r  u_uart_tx/send_issued_i_1/O
                         net (fo=1, routed)           0.000     2.140    u_uart_tx_n_20
    SLICE_X66Y92         FDRE                                         r  send_issued_reg/D
  -------------------------------------------------------------------    -------------------

                         (clock sys_clk_pin rise edge)
                                                      0.000     0.000 r  
    E3                                                0.000     0.000 r  CLK100MHZ (IN)
                         net (fo=0)                   0.000     0.000    CLK100MHZ
    E3                   IBUF (Prop_ibuf_I_O)         0.438     0.438 r  CLK100MHZ_IBUF_inst/O
                         net (fo=1, routed)           0.699     1.136    CLK100MHZ_IBUF
    BUFGCTRL_X0Y16       BUFG (Prop_bufg_I_O)         0.029     1.165 r  CLK100MHZ_IBUF_BUFG_inst/O
                         net (fo=290, routed)         0.839     2.004    CLK100MHZ_IBUF_BUFG
    SLICE_X66Y92         FDRE                                         r  send_issued_reg/C

Slack:                    inf
  Source:                 CPU_RESETN
                            (input port)
  Destination:            send_done_reg/D
                            (rising edge-triggered cell FDRE clocked by sys_clk_pin  {rise@0.000ns fall@5.000ns period=10.000ns})
  Path Group:             (none)
  Path Type:              Hold (Min at Fast Process Corner)
  Data Path Delay:        2.363ns  (logic 0.320ns (13.525%)  route 2.043ns (86.475%))
  Logic Levels:           2  (IBUF=1 LUT5=1)
  Clock Path Skew:        2.004ns (DCD - SCD - CPR)
    Destination Clock Delay (DCD):    2.004ns
    Source Clock Delay      (SCD):    0.000ns
    Clock Pessimism Removal (CPR):    -0.000ns

    Location             Delay type                Incr(ns)  Path(ns)    Netlist Resource(s)
  -------------------------------------------------------------------    -------------------
    C12                                               0.000     0.000 r  CPU_RESETN (IN)
                         net (fo=0)                   0.000     0.000    CPU_RESETN
    C12                  IBUF (Prop_ibuf_I_O)         0.275     0.275 r  CPU_RESETN_IBUF_inst/O
                         net (fo=13, routed)          2.043     2.318    u_uart_tx/CPU_RESETN_IBUF
    SLICE_X68Y91         LUT5 (Prop_lut5_I3_O)        0.045     2.363 r  u_uart_tx/send_done_i_1/O
                         net (fo=1, routed)           0.000     2.363    u_uart_tx_n_25
    SLICE_X68Y91         FDRE                                         r  send_done_reg/D
  -------------------------------------------------------------------    -------------------

                         (clock sys_clk_pin rise edge)
                                                      0.000     0.000 r  
    E3                                                0.000     0.000 r  CLK100MHZ (IN)
                         net (fo=0)                   0.000     0.000    CLK100MHZ
    E3                   IBUF (Prop_ibuf_I_O)         0.438     0.438 r  CLK100MHZ_IBUF_inst/O
                         net (fo=1, routed)           0.699     1.136    CLK100MHZ_IBUF
    BUFGCTRL_X0Y16       BUFG (Prop_bufg_I_O)         0.029     1.165 r  CLK100MHZ_IBUF_BUFG_inst/O
                         net (fo=290, routed)         0.839     2.004    CLK100MHZ_IBUF_BUFG
    SLICE_X68Y91         FDRE                                         r  send_done_reg/C

Slack:                    inf
  Source:                 CPU_RESETN
                            (input port)
  Destination:            send_byte_data_reg[0]/CE
                            (rising edge-triggered cell FDRE clocked by sys_clk_pin  {rise@0.000ns fall@5.000ns period=10.000ns})
  Path Group:             (none)
  Path Type:              Hold (Min at Fast Process Corner)
  Data Path Delay:        2.419ns  (logic 0.320ns (13.210%)  route 2.100ns (86.790%))
  Logic Levels:           2  (IBUF=1 LUT6=1)
  Clock Path Skew:        2.005ns (DCD - SCD - CPR)
    Destination Clock Delay (DCD):    2.005ns
    Source Clock Delay      (SCD):    0.000ns
    Clock Pessimism Removal (CPR):    -0.000ns

    Location             Delay type                Incr(ns)  Path(ns)    Netlist Resource(s)
  -------------------------------------------------------------------    -------------------
    C12                                               0.000     0.000 r  CPU_RESETN (IN)
                         net (fo=0)                   0.000     0.000    CPU_RESETN
    C12                  IBUF (Prop_ibuf_I_O)         0.275     0.275 r  CPU_RESETN_IBUF_inst/O
                         net (fo=13, routed)          1.866     2.140    u_uart_tx/CPU_RESETN_IBUF
    SLICE_X65Y92         LUT6 (Prop_lut6_I3_O)        0.045     2.185 r  u_uart_tx/send_byte_data[7]_i_1/O
                         net (fo=9, routed)           0.234     2.419    u_uart_tx_n_23
    SLICE_X66Y94         FDRE                                         r  send_byte_data_reg[0]/CE
  -------------------------------------------------------------------    -------------------

                         (clock sys_clk_pin rise edge)
                                                      0.000     0.000 r  
    E3                                                0.000     0.000 r  CLK100MHZ (IN)
                         net (fo=0)                   0.000     0.000    CLK100MHZ
    E3                   IBUF (Prop_ibuf_I_O)         0.438     0.438 r  CLK100MHZ_IBUF_inst/O
                         net (fo=1, routed)           0.699     1.136    CLK100MHZ_IBUF
    BUFGCTRL_X0Y16       BUFG (Prop_bufg_I_O)         0.029     1.165 r  CLK100MHZ_IBUF_BUFG_inst/O
                         net (fo=290, routed)         0.840     2.005    CLK100MHZ_IBUF_BUFG
    SLICE_X66Y94         FDRE                                         r  send_byte_data_reg[0]/C

Slack:                    inf
  Source:                 CPU_RESETN
                            (input port)
  Destination:            send_byte_data_reg[1]/CE
                            (rising edge-triggered cell FDRE clocked by sys_clk_pin  {rise@0.000ns fall@5.000ns period=10.000ns})
  Path Group:             (none)
  Path Type:              Hold (Min at Fast Process Corner)
  Data Path Delay:        2.428ns  (logic 0.320ns (13.161%)  route 2.109ns (86.839%))
  Logic Levels:           2  (IBUF=1 LUT6=1)
  Clock Path Skew:        2.005ns (DCD - SCD - CPR)
    Destination Clock Delay (DCD):    2.005ns
    Source Clock Delay      (SCD):    0.000ns
    Clock Pessimism Removal (CPR):    -0.000ns

    Location             Delay type                Incr(ns)  Path(ns)    Netlist Resource(s)
  -------------------------------------------------------------------    -------------------
    C12                                               0.000     0.000 r  CPU_RESETN (IN)
                         net (fo=0)                   0.000     0.000    CPU_RESETN
    C12                  IBUF (Prop_ibuf_I_O)         0.275     0.275 r  CPU_RESETN_IBUF_inst/O
                         net (fo=13, routed)          1.866     2.140    u_uart_tx/CPU_RESETN_IBUF
    SLICE_X65Y92         LUT6 (Prop_lut6_I3_O)        0.045     2.185 r  u_uart_tx/send_byte_data[7]_i_1/O
                         net (fo=9, routed)           0.243     2.428    u_uart_tx_n_23
    SLICE_X64Y95         FDRE                                         r  send_byte_data_reg[1]/CE
  -------------------------------------------------------------------    -------------------

                         (clock sys_clk_pin rise edge)
                                                      0.000     0.000 r  
    E3                                                0.000     0.000 r  CLK100MHZ (IN)
                         net (fo=0)                   0.000     0.000    CLK100MHZ
    E3                   IBUF (Prop_ibuf_I_O)         0.438     0.438 r  CLK100MHZ_IBUF_inst/O
                         net (fo=1, routed)           0.699     1.136    CLK100MHZ_IBUF
    BUFGCTRL_X0Y16       BUFG (Prop_bufg_I_O)         0.029     1.165 r  CLK100MHZ_IBUF_BUFG_inst/O
                         net (fo=290, routed)         0.840     2.005    CLK100MHZ_IBUF_BUFG
    SLICE_X64Y95         FDRE                                         r  send_byte_data_reg[1]/C

Slack:                    inf
  Source:                 CPU_RESETN
                            (input port)
  Destination:            send_byte_data_reg[2]/CE
                            (rising edge-triggered cell FDRE clocked by sys_clk_pin  {rise@0.000ns fall@5.000ns period=10.000ns})
  Path Group:             (none)
  Path Type:              Hold (Min at Fast Process Corner)
  Data Path Delay:        2.428ns  (logic 0.320ns (13.161%)  route 2.109ns (86.839%))
  Logic Levels:           2  (IBUF=1 LUT6=1)
  Clock Path Skew:        2.005ns (DCD - SCD - CPR)
    Destination Clock Delay (DCD):    2.005ns
    Source Clock Delay      (SCD):    0.000ns
    Clock Pessimism Removal (CPR):    -0.000ns

    Location             Delay type                Incr(ns)  Path(ns)    Netlist Resource(s)
  -------------------------------------------------------------------    -------------------
    C12                                               0.000     0.000 r  CPU_RESETN (IN)
                         net (fo=0)                   0.000     0.000    CPU_RESETN
    C12                  IBUF (Prop_ibuf_I_O)         0.275     0.275 r  CPU_RESETN_IBUF_inst/O
                         net (fo=13, routed)          1.866     2.140    u_uart_tx/CPU_RESETN_IBUF
    SLICE_X65Y92         LUT6 (Prop_lut6_I3_O)        0.045     2.185 r  u_uart_tx/send_byte_data[7]_i_1/O
                         net (fo=9, routed)           0.243     2.428    u_uart_tx_n_23
    SLICE_X64Y95         FDRE                                         r  send_byte_data_reg[2]/CE
  -------------------------------------------------------------------    -------------------

                         (clock sys_clk_pin rise edge)
                                                      0.000     0.000 r  
    E3                                                0.000     0.000 r  CLK100MHZ (IN)
                         net (fo=0)                   0.000     0.000    CLK100MHZ
    E3                   IBUF (Prop_ibuf_I_O)         0.438     0.438 r  CLK100MHZ_IBUF_inst/O
                         net (fo=1, routed)           0.699     1.136    CLK100MHZ_IBUF
    BUFGCTRL_X0Y16       BUFG (Prop_bufg_I_O)         0.029     1.165 r  CLK100MHZ_IBUF_BUFG_inst/O
                         net (fo=290, routed)         0.840     2.005    CLK100MHZ_IBUF_BUFG
    SLICE_X64Y95         FDRE                                         r  send_byte_data_reg[2]/C

Slack:                    inf
  Source:                 CPU_RESETN
                            (input port)
  Destination:            send_byte_data_reg[3]/CE
                            (rising edge-triggered cell FDRE clocked by sys_clk_pin  {rise@0.000ns fall@5.000ns period=10.000ns})
  Path Group:             (none)
  Path Type:              Hold (Min at Fast Process Corner)
  Data Path Delay:        2.428ns  (logic 0.320ns (13.161%)  route 2.109ns (86.839%))
  Logic Levels:           2  (IBUF=1 LUT6=1)
  Clock Path Skew:        2.005ns (DCD - SCD - CPR)
    Destination Clock Delay (DCD):    2.005ns
    Source Clock Delay      (SCD):    0.000ns
    Clock Pessimism Removal (CPR):    -0.000ns

    Location             Delay type                Incr(ns)  Path(ns)    Netlist Resource(s)
  -------------------------------------------------------------------    -------------------
    C12                                               0.000     0.000 r  CPU_RESETN (IN)
                         net (fo=0)                   0.000     0.000    CPU_RESETN
    C12                  IBUF (Prop_ibuf_I_O)         0.275     0.275 r  CPU_RESETN_IBUF_inst/O
                         net (fo=13, routed)          1.866     2.140    u_uart_tx/CPU_RESETN_IBUF
    SLICE_X65Y92         LUT6 (Prop_lut6_I3_O)        0.045     2.185 r  u_uart_tx/send_byte_data[7]_i_1/O
                         net (fo=9, routed)           0.243     2.428    u_uart_tx_n_23
    SLICE_X64Y95         FDRE                                         r  send_byte_data_reg[3]/CE
  -------------------------------------------------------------------    -------------------

                         (clock sys_clk_pin rise edge)
                                                      0.000     0.000 r  
    E3                                                0.000     0.000 r  CLK100MHZ (IN)
                         net (fo=0)                   0.000     0.000    CLK100MHZ
    E3                   IBUF (Prop_ibuf_I_O)         0.438     0.438 r  CLK100MHZ_IBUF_inst/O
                         net (fo=1, routed)           0.699     1.136    CLK100MHZ_IBUF
    BUFGCTRL_X0Y16       BUFG (Prop_bufg_I_O)         0.029     1.165 r  CLK100MHZ_IBUF_BUFG_inst/O
                         net (fo=290, routed)         0.840     2.005    CLK100MHZ_IBUF_BUFG
    SLICE_X64Y95         FDRE                                         r  send_byte_data_reg[3]/C





